국가,카테고리,연도,월,날짜,브랜드,판매량
동유럽,SUV,2023,1,2023-01-01,기아,7596
동유럽,SUV,2023,2,2023-02-01,기아,5639
동유럽,SUV,2023,3,2023-03-01,기아,3151
동유럽,SUV,2023,4,2023-04-01,기아,6618
동유럽,SUV,2023,5,2023-05-01,기아,4530
동유럽,SUV,2023,6,2023-06-01,기아,4658
동유럽,SUV,2023,7,2023-07-01,기아,6222
동유럽,SUV,2023,8,2023-08-01,기아,6762
동유럽,SUV,2023,9,2023-09-01,기아,5487
동유럽,SUV,2023,10,2023-10-01,기아,4491
동유럽,SUV,2023,11,2023-11-01,기아,6223
동유럽,SUV,2023,12,2023-12-01,기아,8391
동유럽,SUV,2024,1,2024-01-01,기아,8690
동유럽,SUV,2024,2,2024-02-01,기아,5567
동유럽,SUV,2024,3,2024-03-01,기아,6949
동유럽,SUV,2024,4,2024-04-01,기아,5905
동유럽,SUV,2024,5,2024-05-01,기아,5251
동유럽,SUV,2024,6,2024-06-01,기아,4548
동유럽,SUV,2024,7,2024-07-01,기아,7547
동유럽,SUV,2024,8,2024-08-01,기아,7350
동유럽,SUV,2024,9,2024-09-01,기아,8145
동유럽,SUV,2024,10,2024-10-01,기아,3106
동유럽,SUV,2024,11,2024-11-01,기아,6205
동유럽,SUV,2024,12,2024-12-01,기아,6046
동유럽,SUV,2025,1,2025-01-01,기아,7290
동유럽,경차,2023,1,2023-01-01,기아,242
동유럽,경차,2023,2,2023-02-01,기아,136
동유럽,경차,2023,3,2023-03-01,기아,122
동유럽,경차,2023,4,2023-04-01,기아,203
동유럽,경차,2023,5,2023-05-01,기아,188
동유럽,경차,2023,6,2023-06-01,기아,87
동유럽,경차,2023,7,2023-07-01,기아,68
동유럽,경차,2023,8,2023-08-01,기아,107
동유럽,경차,2023,9,2023-09-01,기아,142
동유럽,경차,2023,10,2023-10-01,기아,172
동유럽,경차,2023,11,2023-11-01,기아,98
동유럽,경차,2023,12,2023-12-01,기아,93
동유럽,경차,2024,1,2024-01-01,기아,111
동유럽,경차,2024,2,2024-02-01,기아,140
동유럽,경차,2024,3,2024-03-01,기아,101
동유럽,경차,2024,4,2024-04-01,기아,192
동유럽,경차,2024,5,2024-05-01,기아,97
동유럽,경차,2024,6,2024-06-01,기아,164
동유럽,경차,2024,7,2024-07-01,기아,86
동유럽,경차,2024,8,2024-08-01,기아,102
동유럽,경차,2024,9,2024-09-01,기아,82
동유럽,경차,2024,10,2024-10-01,기아,73
동유럽,경차,2024,11,2024-11-01,기아,178
동유럽,경차,2024,12,2024-12-01,기아,160
동유럽,경차,2025,1,2025-01-01,기아,150
동유럽,기타,2023,1,2023-01-01,기아,1015
동유럽,기타,2023,2,2023-02-01,기아,449
동유럽,기타,2023,3,2023-03-01,기아,531
동유럽,기타,2023,4,2023-04-01,기아,668
동유럽,기타,2023,5,2023-05-01,기아,367
동유럽,기타,2023,6,2023-06-01,기아,563
동유럽,기타,2023,7,2023-07-01,기아,231
동유럽,기타,2023,8,2023-08-01,기아,248
동유럽,기타,2023,9,2023-09-01,기아,240
동유럽,기타,2023,10,2023-10-01,기아,242
동유럽,기타,2023,11,2023-11-01,기아,341
동유럽,기타,2023,12,2023-12-01,기아,427
동유럽,기타,2024,1,2024-01-01,기아,797
동유럽,기타,2024,2,2024-02-01,기아,324
동유럽,기타,2024,3,2024-03-01,기아,248
동유럽,기타,2024,4,2024-04-01,기아,459
동유럽,기타,2024,5,2024-05-01,기아,249
동유럽,기타,2024,6,2024-06-01,기아,235
동유럽,기타,2024,7,2024-07-01,기아,292
동유럽,기타,2024,8,2024-08-01,기아,469
동유럽,기타,2024,9,2024-09-01,기아,363
동유럽,기타,2024,10,2024-10-01,기아,321
동유럽,기타,2024,11,2024-11-01,기아,299
동유럽,기타,2024,12,2024-12-01,기아,324
동유럽,기타,2025,1,2025-01-01,기아,584
동유럽,세단,2023,1,2023-01-01,기아,993
동유럽,세단,2023,2,2023-02-01,기아,52
동유럽,세단,2023,3,2023-03-01,기아,53
동유럽,세단,2023,4,2023-04-01,기아,29
동유럽,세단,2023,5,2023-05-01,기아,58
동유럽,세단,2023,6,2023-06-01,기아,33
동유럽,세단,2023,7,2023-07-01,기아,64
동유럽,세단,2023,8,2023-08-01,기아,40
동유럽,세단,2023,9,2023-09-01,기아,75
동유럽,세단,2023,10,2023-10-01,기아,53
동유럽,세단,2023,11,2023-11-01,기아,47
동유럽,세단,2023,12,2023-12-01,기아,30
동유럽,세단,2024,1,2024-01-01,기아,839
동유럽,세단,2024,2,2024-02-01,기아,52
동유럽,세단,2024,3,2024-03-01,기아,52
동유럽,세단,2024,4,2024-04-01,기아,28
동유럽,세단,2024,5,2024-05-01,기아,70
동유럽,세단,2024,6,2024-06-01,기아,70
동유럽,세단,2024,7,2024-07-01,기아,52
동유럽,세단,2024,8,2024-08-01,기아,48
동유럽,세단,2024,9,2024-09-01,기아,31
동유럽,세단,2024,10,2024-10-01,기아,34
동유럽,세단,2024,11,2024-11-01,기아,33
동유럽,세단,2024,12,2024-12-01,기아,47
동유럽,세단,2025,1,2025-01-01,기아,317
동유럽,화물차,2023,1,2023-01-01,기아,46
동유럽,화물차,2023,2,2023-02-01,기아,26
동유럽,화물차,2023,3,2023-03-01,기아,62
동유럽,화물차,2023,4,2023-04-01,기아,29
동유럽,화물차,2023,5,2023-05-01,기아,44
동유럽,화물차,2023,6,2023-06-01,기아,35
동유럽,화물차,2023,7,2023-07-01,기아,43
동유럽,화물차,2023,8,2023-08-01,기아,23
동유럽,화물차,2023,9,2023-09-01,기아,53
동유럽,화물차,2023,10,2023-10-01,기아,28
동유럽,화물차,2023,11,2023-11-01,기아,25
동유럽,화물차,2023,12,2023-12-01,기아,51
동유럽,화물차,2024,1,2024-01-01,기아,93
동유럽,화물차,2024,2,2024-02-01,기아,46
동유럽,화물차,2024,3,2024-03-01,기아,25
동유럽,화물차,2024,4,2024-04-01,기아,47
동유럽,화물차,2024,5,2024-05-01,기아,37
동유럽,화물차,2024,6,2024-06-01,기아,61
동유럽,화물차,2024,7,2024-07-01,기아,27
동유럽,화물차,2024,8,2024-08-01,기아,55
동유럽,화물차,2024,9,2024-09-01,기아,33
동유럽,화물차,2024,10,2024-10-01,기아,37
동유럽,화물차,2024,11,2024-11-01,기아,61
동유럽,화물차,2024,12,2024-12-01,기아,68
동유럽,화물차,2025,1,2025-01-01,기아,48
북미-멕시코,SUV,2023,1,2023-01-01,기아,8260
북미-멕시코,SUV,2023,2,2023-02-01,기아,6144
북미-멕시코,SUV,2023,3,2023-03-01,기아,8538
북미-멕시코,SUV,2023,4,2023-04-01,기아,6179
북미-멕시코,SUV,2023,5,2023-05-01,기아,4586
북미-멕시코,SUV,2023,6,2023-06-01,기아,5373
북미-멕시코,SUV,2023,7,2023-07-01,기아,7628
북미-멕시코,SUV,2023,8,2023-08-01,기아,8487
북미-멕시코,SUV,2023,9,2023-09-01,기아,7360
북미-멕시코,SUV,2023,10,2023-10-01,기아,3284
북미-멕시코,SUV,2023,11,2023-11-01,기아,7079
북미-멕시코,SUV,2023,12,2023-12-01,기아,3953
북미-멕시코,SUV,2024,1,2024-01-01,기아,8128
북미-멕시코,SUV,2024,2,2024-02-01,기아,7328
북미-멕시코,SUV,2024,3,2024-03-01,기아,5296
북미-멕시코,SUV,2024,4,2024-04-01,기아,8016
북미-멕시코,SUV,2024,5,2024-05-01,기아,8313
북미-멕시코,SUV,2024,6,2024-06-01,기아,6035
북미-멕시코,SUV,2024,7,2024-07-01,기아,5336
북미-멕시코,SUV,2024,8,2024-08-01,기아,8602
북미-멕시코,SUV,2024,9,2024-09-01,기아,7112
북미-멕시코,SUV,2024,10,2024-10-01,기아,6697
북미-멕시코,SUV,2024,11,2024-11-01,기아,5097
북미-멕시코,SUV,2024,12,2024-12-01,기아,5639
북미-멕시코,SUV,2025,1,2025-01-01,기아,8009
북미-멕시코,기타,2023,1,2023-01-01,기아,1052
북미-멕시코,기타,2023,2,2023-02-01,기아,8
북미-멕시코,기타,2023,3,2023-03-01,기아,10
북미-멕시코,기타,2023,4,2023-04-01,기아,9
북미-멕시코,기타,2023,5,2023-05-01,기아,6
북미-멕시코,기타,2023,6,2023-06-01,기아,9
북미-멕시코,기타,2023,7,2023-07-01,기아,9
북미-멕시코,기타,2023,8,2023-08-01,기아,5
북미-멕시코,기타,2023,9,2023-09-01,기아,11
북미-멕시코,기타,2023,10,2023-10-01,기아,6
북미-멕시코,기타,2023,11,2023-11-01,기아,11
북미-멕시코,기타,2023,12,2023-12-01,기아,7
북미-멕시코,기타,2024,1,2024-01-01,기아,840
북미-멕시코,기타,2024,2,2024-02-01,기아,8
북미-멕시코,기타,2024,3,2024-03-01,기아,10
북미-멕시코,기타,2024,4,2024-04-01,기아,7
북미-멕시코,기타,2024,5,2024-05-01,기아,9
북미-멕시코,기타,2024,6,2024-06-01,기아,4
북미-멕시코,기타,2024,7,2024-07-01,기아,8
북미-멕시코,기타,2024,8,2024-08-01,기아,4
북미-멕시코,기타,2024,9,2024-09-01,기아,6
북미-멕시코,기타,2024,10,2024-10-01,기아,10
북미-멕시코,기타,2024,11,2024-11-01,기아,7
북미-멕시코,기타,2024,12,2024-12-01,기아,6
북미-멕시코,기타,2025,1,2025-01-01,기아,10
북미-멕시코,세단,2023,1,2023-01-01,기아,4060
북미-멕시코,세단,2023,2,2023-02-01,기아,3998
북미-멕시코,세단,2023,3,2023-03-01,기아,3889
북미-멕시코,세단,2023,4,2023-04-01,기아,3823
북미-멕시코,세단,2023,5,2023-05-01,기아,2192
북미-멕시코,세단,2023,6,2023-06-01,기아,4645
북미-멕시코,세단,2023,7,2023-07-01,기아,5156
북미-멕시코,세단,2023,8,2023-08-01,기아,4533
북미-멕시코,세단,2023,9,2023-09-01,기아,2422
북미-멕시코,세단,2023,10,2023-10-01,기아,5789
북미-멕시코,세단,2023,11,2023-11-01,기아,4803
북미-멕시코,세단,2023,12,2023-12-01,기아,5465
북미-멕시코,세단,2024,1,2024-01-01,기아,4490
북미-멕시코,세단,2024,2,2024-02-01,기아,3998
북미-멕시코,세단,2024,3,2024-03-01,기아,3402
북미-멕시코,세단,2024,4,2024-04-01,기아,3767
북미-멕시코,세단,2024,5,2024-05-01,기아,2737
북미-멕시코,세단,2024,6,2024-06-01,기아,5106
북미-멕시코,세단,2024,7,2024-07-01,기아,3346
북미-멕시코,세단,2024,8,2024-08-01,기아,3536
북미-멕시코,세단,2024,9,2024-09-01,기아,2508
북미-멕시코,세단,2024,10,2024-10-01,기아,3614
북미-멕시코,세단,2024,11,2024-11-01,기아,2764
북미-멕시코,세단,2024,12,2024-12-01,기아,3581
북미-멕시코,세단,2025,1,2025-01-01,기아,2939
북미-미국,SUV,2023,1,2023-01-01,기아,46201
북미-미국,SUV,2023,2,2023-02-01,기아,24401
북미-미국,SUV,2023,3,2023-03-01,기아,14355
북미-미국,SUV,2023,4,2023-04-01,기아,18675
북미-미국,SUV,2023,5,2023-05-01,기아,12596
북미-미국,SUV,2023,6,2023-06-01,기아,19938
북미-미국,SUV,2023,7,2023-07-01,기아,21096
북미-미국,SUV,2023,8,2023-08-01,기아,22729
북미-미국,SUV,2023,9,2023-09-01,기아,13564
북미-미국,SUV,2023,10,2023-10-01,기아,12762
북미-미국,SUV,2023,11,2023-11-01,기아,17732
북미-미국,SUV,2023,12,2023-12-01,기아,14262
북미-미국,SUV,2024,1,2024-01-01,기아,46357
북미-미국,SUV,2024,2,2024-02-01,기아,26374
북미-미국,SUV,2024,3,2024-03-01,기아,30113
북미-미국,SUV,2024,4,2024-04-01,기아,20257
북미-미국,SUV,2024,5,2024-05-01,기아,24410
북미-미국,SUV,2024,6,2024-06-01,기아,34470
북미-미국,SUV,2024,7,2024-07-01,기아,15656
북미-미국,SUV,2024,8,2024-08-01,기아,16896
북미-미국,SUV,2024,9,2024-09-01,기아,15662
북미-미국,SUV,2024,10,2024-10-01,기아,25204
북미-미국,SUV,2024,11,2024-11-01,기아,30800
북미-미국,SUV,2024,12,2024-12-01,기아,31249
북미-미국,SUV,2025,1,2025-01-01,기아,52008
북미-미국,SUV,2023,1,2023-01-01,현대,60943
북미-미국,SUV,2023,2,2023-02-01,현대,70114
북미-미국,SUV,2023,3,2023-03-01,현대,87661
북미-미국,SUV,2023,4,2023-04-01,현대,78736
북미-미국,SUV,2023,5,2023-05-01,현대,77301
북미-미국,SUV,2023,6,2023-06-01,현대,78366
북미-미국,SUV,2023,7,2023-07-01,현대,71363
북미-미국,SUV,2023,8,2023-08-01,현대,81851
북미-미국,SUV,2023,9,2023-09-01,현대,82511
북미-미국,SUV,2023,10,2023-10-01,현대,78577
북미-미국,SUV,2023,11,2023-11-01,현대,84547
북미-미국,SUV,2023,12,2023-12-01,현대,88058
북미-미국,SUV,2024,1,2024-01-01,현대,66468
북미-미국,SUV,2024,2,2024-02-01,현대,73562
북미-미국,SUV,2024,3,2024-03-01,현대,84555
북미-미국,SUV,2024,4,2024-04-01,현대,83218
북미-미국,SUV,2024,5,2024-05-01,현대,83952
북미-미국,SUV,2024,6,2024-06-01,현대,77117
북미-미국,SUV,2024,7,2024-07-01,현대,70040
북미-미국,SUV,2024,8,2024-08-01,현대,89948
북미-미국,SUV,2024,9,2024-09-01,현대,72966
북미-미국,SUV,2024,10,2024-10-01,현대,86178
북미-미국,SUV,2024,11,2024-11-01,현대,83603
북미-미국,SUV,2024,12,2024-12-01,현대,82384
북미-미국,SUV,2025,1,2025-01-01,현대,61986
북미-미국,경차,2023,1,2023-01-01,기아,248
북미-미국,경차,2023,2,2023-02-01,기아,369
북미-미국,경차,2023,3,2023-03-01,기아,302
북미-미국,경차,2023,4,2023-04-01,기아,276
북미-미국,경차,2023,5,2023-05-01,기아,210
북미-미국,경차,2023,6,2023-06-01,기아,175
북미-미국,경차,2023,7,2023-07-01,기아,330
북미-미국,경차,2023,8,2023-08-01,기아,241
북미-미국,경차,2023,9,2023-09-01,기아,296
북미-미국,경차,2023,10,2023-10-01,기아,228
북미-미국,경차,2023,11,2023-11-01,기아,358
북미-미국,경차,2023,12,2023-12-01,기아,360
북미-미국,경차,2024,1,2024-01-01,기아,230
북미-미국,경차,2024,2,2024-02-01,기아,361
북미-미국,경차,2024,3,2024-03-01,기아,224
북미-미국,경차,2024,4,2024-04-01,기아,214
북미-미국,경차,2024,5,2024-05-01,기아,209
북미-미국,경차,2024,6,2024-06-01,기아,183
북미-미국,경차,2024,7,2024-07-01,기아,165
북미-미국,경차,2024,8,2024-08-01,기아,316
북미-미국,경차,2024,9,2024-09-01,기아,194
북미-미국,경차,2024,10,2024-10-01,기아,366
북미-미국,경차,2024,11,2024-11-01,기아,229
북미-미국,경차,2024,12,2024-12-01,기아,198
북미-미국,경차,2025,1,2025-01-01,기아,369
북미-미국,기타,2023,1,2023-01-01,기아,10756
북미-미국,기타,2023,2,2023-02-01,기아,1320
북미-미국,기타,2023,3,2023-03-01,기아,1527
북미-미국,기타,2023,4,2023-04-01,기아,821
북미-미국,기타,2023,5,2023-05-01,기아,776
북미-미국,기타,2023,6,2023-06-01,기아,1782
북미-미국,기타,2023,7,2023-07-01,기아,1206
북미-미국,기타,2023,8,2023-08-01,기아,1775
북미-미국,기타,2023,9,2023-09-01,기아,962
북미-미국,기타,2023,10,2023-10-01,기아,1457
북미-미국,기타,2023,11,2023-11-01,기아,699
북미-미국,기타,2023,12,2023-12-01,기아,1766
북미-미국,기타,2024,1,2024-01-01,기아,12894
북미-미국,기타,2024,2,2024-02-01,기아,1320
북미-미국,기타,2024,3,2024-03-01,기아,1286
북미-미국,기타,2024,4,2024-04-01,기아,1822
북미-미국,기타,2024,5,2024-05-01,기아,1634
북미-미국,기타,2024,6,2024-06-01,기아,1881
북미-미국,기타,2024,7,2024-07-01,기아,869
북미-미국,기타,2024,8,2024-08-01,기아,1038
북미-미국,기타,2024,9,2024-09-01,기아,842
북미-미국,기타,2024,10,2024-10-01,기아,1824
북미-미국,기타,2024,11,2024-11-01,기아,1766
북미-미국,기타,2024,12,2024-12-01,기아,1130
북미-미국,기타,2025,1,2025-01-01,기아,4628
북미-미국,기타,2023,1,2023-01-01,현대,4260
북미-미국,기타,2023,2,2023-02-01,현대,4739
북미-미국,기타,2023,3,2023-03-01,현대,5554
북미-미국,기타,2023,4,2023-04-01,현대,6613
북미-미국,기타,2023,5,2023-05-01,현대,6685
북미-미국,기타,2023,6,2023-06-01,현대,8313
북미-미국,기타,2023,7,2023-07-01,현대,9493
북미-미국,기타,2023,8,2023-08-01,현대,9149
북미-미국,기타,2023,9,2023-09-01,현대,10153
북미-미국,기타,2023,10,2023-10-01,현대,7804
북미-미국,기타,2023,11,2023-11-01,현대,7428
북미-미국,기타,2023,12,2023-12-01,현대,9283
북미-미국,기타,2024,1,2024-01-01,현대,4911
북미-미국,기타,2024,2,2024-02-01,현대,5583
북미-미국,기타,2024,3,2024-03-01,현대,9373
북미-미국,기타,2024,4,2024-04-01,현대,8594
북미-미국,기타,2024,5,2024-05-01,현대,8835
북미-미국,기타,2024,6,2024-06-01,현대,7930
북미-미국,기타,2024,7,2024-07-01,현대,7686
북미-미국,기타,2024,8,2024-08-01,현대,9780
북미-미국,기타,2024,9,2024-09-01,현대,7988
북미-미국,기타,2024,10,2024-10-01,현대,9452
북미-미국,기타,2024,11,2024-11-01,현대,10851
북미-미국,기타,2024,12,2024-12-01,현대,10480
북미-미국,기타,2025,1,2025-01-01,현대,5934
북미-미국,세단,2023,1,2023-01-01,기아,6075
북미-미국,세단,2023,2,2023-02-01,기아,1453
북미-미국,세단,2023,3,2023-03-01,기아,1938
북미-미국,세단,2023,4,2023-04-01,기아,1992
북미-미국,세단,2023,5,2023-05-01,기아,2179
북미-미국,세단,2023,6,2023-06-01,기아,1427
북미-미국,세단,2023,7,2023-07-01,기아,1522
북미-미국,세단,2023,8,2023-08-01,기아,1710
북미-미국,세단,2023,9,2023-09-01,기아,1547
북미-미국,세단,2023,10,2023-10-01,기아,2013
북미-미국,세단,2023,11,2023-11-01,기아,2075
북미-미국,세단,2023,12,2023-12-01,기아,1053
북미-미국,세단,2024,1,2024-01-01,기아,4273
북미-미국,세단,2024,2,2024-02-01,기아,1453
북미-미국,세단,2024,3,2024-03-01,기아,1799
북미-미국,세단,2024,4,2024-04-01,기아,780
북미-미국,세단,2024,5,2024-05-01,기아,1988
북미-미국,세단,2024,6,2024-06-01,기아,742
북미-미국,세단,2024,7,2024-07-01,기아,1801
북미-미국,세단,2024,8,2024-08-01,기아,1028
북미-미국,세단,2024,9,2024-09-01,기아,1812
북미-미국,세단,2024,10,2024-10-01,기아,1825
북미-미국,세단,2024,11,2024-11-01,기아,2092
북미-미국,세단,2024,12,2024-12-01,기아,1547
북미-미국,세단,2025,1,2025-01-01,기아,5792
북미-미국,세단,2023,1,2023-01-01,현대,15325
북미-미국,세단,2023,2,2023-02-01,현대,16908
북미-미국,세단,2023,3,2023-03-01,현대,21764
북미-미국,세단,2023,4,2023-04-01,현대,20909
북미-미국,세단,2023,5,2023-05-01,현대,22948
북미-미국,세단,2023,6,2023-06-01,현대,17474
북미-미국,세단,2023,7,2023-07-01,현대,15114
북미-미국,세단,2023,8,2023-08-01,현대,14666
북미-미국,세단,2023,9,2023-09-01,현대,12813
북미-미국,세단,2023,10,2023-10-01,현대,11923
북미-미국,세단,2023,11,2023-11-01,현대,11141
북미-미국,세단,2023,12,2023-12-01,현대,11806
북미-미국,세단,2024,1,2024-01-01,현대,10028
북미-미국,세단,2024,2,2024-02-01,현대,12818
북미-미국,세단,2024,3,2024-03-01,현대,17199
북미-미국,세단,2024,4,2024-04-01,현대,15457
북미-미국,세단,2024,5,2024-05-01,현대,20018
북미-미국,세단,2024,6,2024-06-01,현대,17958
북미-미국,세단,2024,7,2024-07-01,현대,19526
북미-미국,세단,2024,8,2024-08-01,현대,20339
북미-미국,세단,2024,9,2024-09-01,현대,16768
북미-미국,세단,2024,10,2024-10-01,현대,18458
북미-미국,세단,2024,11,2024-11-01,현대,18322
북미-미국,세단,2024,12,2024-12-01,현대,19234
북미-미국,세단,2025,1,2025-01-01,현대,13630
북미-미국,화물차,2023,1,2023-01-01,기아,1234
북미-미국,화물차,2023,2,2023-02-01,기아,946
북미-미국,화물차,2023,3,2023-03-01,기아,694
북미-미국,화물차,2023,4,2023-04-01,기아,1249
북미-미국,화물차,2023,5,2023-05-01,기아,1366
북미-미국,화물차,2023,6,2023-06-01,기아,1058
북미-미국,화물차,2023,7,2023-07-01,기아,1482
북미-미국,화물차,2023,8,2023-08-01,기아,1126
북미-미국,화물차,2023,9,2023-09-01,기아,1165
북미-미국,화물차,2023,10,2023-10-01,기아,826
북미-미국,화물차,2023,11,2023-11-01,기아,1269
북미-미국,화물차,2023,12,2023-12-01,기아,750
북미-미국,화물차,2024,1,2024-01-01,기아,895
북미-미국,화물차,2024,2,2024-02-01,기아,946
북미-미국,화물차,2024,3,2024-03-01,기아,1055
북미-미국,화물차,2024,4,2024-04-01,기아,1156
북미-미국,화물차,2024,5,2024-05-01,기아,1762
북미-미국,화물차,2024,6,2024-06-01,기아,1618
북미-미국,화물차,2024,7,2024-07-01,기아,1119
북미-미국,화물차,2024,8,2024-08-01,기아,1146
북미-미국,화물차,2024,9,2024-09-01,기아,1466
북미-미국,화물차,2024,10,2024-10-01,기아,1449
북미-미국,화물차,2024,11,2024-11-01,기아,1237
북미-미국,화물차,2024,12,2024-12-01,기아,1358
북미-미국,화물차,2025,1,2025-01-01,기아,1229
북미-캐나다,SUV,2023,1,2023-01-01,기아,8922
북미-캐나다,SUV,2023,2,2023-02-01,기아,7964
북미-캐나다,SUV,2023,3,2023-03-01,기아,9158
북미-캐나다,SUV,2023,4,2023-04-01,기아,11037
북미-캐나다,SUV,2023,5,2023-05-01,기아,10151
북미-캐나다,SUV,2023,6,2023-06-01,기아,10344
북미-캐나다,SUV,2023,7,2023-07-01,기아,4448
북미-캐나다,SUV,2023,8,2023-08-01,기아,8429
북미-캐나다,SUV,2023,9,2023-09-01,기아,4146
북미-캐나다,SUV,2023,10,2023-10-01,기아,9635
북미-캐나다,SUV,2023,11,2023-11-01,기아,6017
북미-캐나다,SUV,2023,12,2023-12-01,기아,6170
북미-캐나다,SUV,2024,1,2024-01-01,기아,9596
북미-캐나다,SUV,2024,2,2024-02-01,기아,7035
북미-캐나다,SUV,2024,3,2024-03-01,기아,6896
북미-캐나다,SUV,2024,4,2024-04-01,기아,5939
북미-캐나다,SUV,2024,5,2024-05-01,기아,7575
북미-캐나다,SUV,2024,6,2024-06-01,기아,8030
북미-캐나다,SUV,2024,7,2024-07-01,기아,7699
북미-캐나다,SUV,2024,8,2024-08-01,기아,8605
북미-캐나다,SUV,2024,9,2024-09-01,기아,4112
북미-캐나다,SUV,2024,10,2024-10-01,기아,5901
북미-캐나다,SUV,2024,11,2024-11-01,기아,7361
북미-캐나다,SUV,2024,12,2024-12-01,기아,9896
북미-캐나다,SUV,2025,1,2025-01-01,기아,10027
북미-캐나다,기타,2023,1,2023-01-01,기아,1767
북미-캐나다,기타,2023,2,2023-02-01,기아,614
북미-캐나다,기타,2023,3,2023-03-01,기아,309
북미-캐나다,기타,2023,4,2023-04-01,기아,530
북미-캐나다,기타,2023,5,2023-05-01,기아,420
북미-캐나다,기타,2023,6,2023-06-01,기아,673
북미-캐나다,기타,2023,7,2023-07-01,기아,915
북미-캐나다,기타,2023,8,2023-08-01,기아,596
북미-캐나다,기타,2023,9,2023-09-01,기아,372
북미-캐나다,기타,2023,10,2023-10-01,기아,343
북미-캐나다,기타,2023,11,2023-11-01,기아,806
북미-캐나다,기타,2023,12,2023-12-01,기아,420
북미-캐나다,기타,2024,1,2024-01-01,기아,1451
북미-캐나다,기타,2024,2,2024-02-01,기아,614
북미-캐나다,기타,2024,3,2024-03-01,기아,842
북미-캐나다,기타,2024,4,2024-04-01,기아,426
북미-캐나다,기타,2024,5,2024-05-01,기아,834
북미-캐나다,기타,2024,6,2024-06-01,기아,603
북미-캐나다,기타,2024,7,2024-07-01,기아,780
북미-캐나다,기타,2024,8,2024-08-01,기아,690
북미-캐나다,기타,2024,9,2024-09-01,기아,664
북미-캐나다,기타,2024,10,2024-10-01,기아,311
북미-캐나다,기타,2024,11,2024-11-01,기아,894
북미-캐나다,기타,2024,12,2024-12-01,기아,323
북미-캐나다,기타,2025,1,2025-01-01,기아,654
북미-캐나다,세단,2023,1,2023-01-01,기아,594
북미-캐나다,세단,2023,2,2023-02-01,기아,23
북미-캐나다,세단,2023,3,2023-03-01,기아,32
북미-캐나다,세단,2023,4,2023-04-01,기아,24
북미-캐나다,세단,2023,5,2023-05-01,기아,25
북미-캐나다,세단,2023,6,2023-06-01,기아,25
북미-캐나다,세단,2023,7,2023-07-01,기아,29
북미-캐나다,세단,2023,8,2023-08-01,기아,29
북미-캐나다,세단,2023,9,2023-09-01,기아,14
북미-캐나다,세단,2023,10,2023-10-01,기아,25
북미-캐나다,세단,2023,11,2023-11-01,기아,16
북미-캐나다,세단,2023,12,2023-12-01,기아,21
북미-캐나다,세단,2024,1,2024-01-01,기아,380
북미-캐나다,세단,2024,2,2024-02-01,기아,23
북미-캐나다,세단,2024,3,2024-03-01,기아,15
북미-캐나다,세단,2024,4,2024-04-01,기아,23
북미-캐나다,세단,2024,5,2024-05-01,기아,28
북미-캐나다,세단,2024,6,2024-06-01,기아,27
북미-캐나다,세단,2024,7,2024-07-01,기아,12
북미-캐나다,세단,2024,8,2024-08-01,기아,21
북미-캐나다,세단,2024,9,2024-09-01,기아,32
북미-캐나다,세단,2024,10,2024-10-01,기아,24
북미-캐나다,세단,2024,11,2024-11-01,기아,23
북미-캐나다,세단,2024,12,2024-12-01,기아,14
북미-캐나다,세단,2025,1,2025-01-01,기아,18
서유럽,SUV,2023,1,2023-01-01,기아,76531
서유럽,SUV,2023,2,2023-02-01,기아,70258
서유럽,SUV,2023,3,2023-03-01,기아,98324
서유럽,SUV,2023,4,2023-04-01,기아,35843
서유럽,SUV,2023,5,2023-05-01,기아,81195
서유럽,SUV,2023,6,2023-06-01,기아,91532
서유럽,SUV,2023,7,2023-07-01,기아,88331
서유럽,SUV,2023,8,2023-08-01,기아,85972
서유럽,SUV,2023,9,2023-09-01,기아,45180
서유럽,SUV,2023,10,2023-10-01,기아,102490
서유럽,SUV,2023,11,2023-11-01,기아,56076
서유럽,SUV,2023,12,2023-12-01,기아,60094
서유럽,SUV,2024,1,2024-01-01,기아,80795
서유럽,SUV,2024,2,2024-02-01,기아,72267
서유럽,SUV,2024,3,2024-03-01,기아,36859
서유럽,SUV,2024,4,2024-04-01,기아,91201
서유럽,SUV,2024,5,2024-05-01,기아,68303
서유럽,SUV,2024,6,2024-06-01,기아,50213
서유럽,SUV,2024,7,2024-07-01,기아,46664
서유럽,SUV,2024,8,2024-08-01,기아,45436
서유럽,SUV,2024,9,2024-09-01,기아,89328
서유럽,SUV,2024,10,2024-10-01,기아,94797
서유럽,SUV,2024,11,2024-11-01,기아,87029
서유럽,SUV,2024,12,2024-12-01,기아,78930
서유럽,SUV,2025,1,2025-01-01,기아,89641
서유럽,SUV,2023,1,2023-01-01,현대,17557
서유럽,SUV,2023,2,2023-02-01,현대,19170
서유럽,SUV,2023,3,2023-03-01,현대,30703
서유럽,SUV,2023,4,2023-04-01,현대,21967
서유럽,SUV,2023,5,2023-05-01,현대,23125
서유럽,SUV,2023,6,2023-06-01,현대,27892
서유럽,SUV,2023,7,2023-07-01,현대,21191
서유럽,SUV,2023,8,2023-08-01,현대,16165
서유럽,SUV,2023,9,2023-09-01,현대,25544
서유럽,SUV,2023,10,2023-10-01,현대,23163
서유럽,SUV,2023,11,2023-11-01,현대,23353
서유럽,SUV,2023,12,2023-12-01,현대,20741
서유럽,SUV,2024,1,2024-01-01,현대,18019
서유럽,SUV,2024,2,2024-02-01,현대,17789
서유럽,SUV,2024,3,2024-03-01,현대,28321
서유럽,SUV,2024,4,2024-04-01,현대,20749
서유럽,SUV,2024,5,2024-05-01,현대,21968
서유럽,SUV,2024,6,2024-06-01,현대,24174
서유럽,SUV,2024,7,2024-07-01,현대,20576
서유럽,SUV,2024,8,2024-08-01,현대,15020
서유럽,SUV,2024,9,2024-09-01,현대,26144
서유럽,SUV,2024,10,2024-10-01,현대,20384
서유럽,SUV,2024,11,2024-11-01,현대,21439
서유럽,SUV,2024,12,2024-12-01,현대,18615
서유럽,SUV,2025,1,2025-01-01,현대,17616
서유럽,경차,2023,1,2023-01-01,기아,10244
서유럽,경차,2023,2,2023-02-01,기아,9452
서유럽,경차,2023,3,2023-03-01,기아,5405
서유럽,경차,2023,4,2023-04-01,기아,11186
서유럽,경차,2023,5,2023-05-01,기아,13746
서유럽,경차,2023,6,2023-06-01,기아,7789
서유럽,경차,2023,7,2023-07-01,기아,13538
서유럽,경차,2023,8,2023-08-01,기아,13045
서유럽,경차,2023,9,2023-09-01,기아,8142
서유럽,경차,2023,10,2023-10-01,기아,5455
서유럽,경차,2023,11,2023-11-01,기아,8624
서유럽,경차,2023,12,2023-12-01,기아,9279
서유럽,경차,2024,1,2024-01-01,기아,6759
서유럽,경차,2024,2,2024-02-01,기아,12109
서유럽,경차,2024,3,2024-03-01,기아,7085
서유럽,경차,2024,4,2024-04-01,기아,8878
서유럽,경차,2024,5,2024-05-01,기아,11251
서유럽,경차,2024,6,2024-06-01,기아,10827
서유럽,경차,2024,7,2024-07-01,기아,10013
서유럽,경차,2024,8,2024-08-01,기아,9748
서유럽,경차,2024,9,2024-09-01,기아,13137
서유럽,경차,2024,10,2024-10-01,기아,13392
서유럽,경차,2024,11,2024-11-01,기아,9682
서유럽,경차,2024,12,2024-12-01,기아,5221
서유럽,경차,2025,1,2025-01-01,기아,11106
서유럽,경차,2023,1,2023-01-01,현대,8093
서유럽,경차,2023,2,2023-02-01,현대,7235
서유럽,경차,2023,3,2023-03-01,현대,11139
서유럽,경차,2023,4,2023-04-01,현대,8311
서유럽,경차,2023,5,2023-05-01,현대,9880
서유럽,경차,2023,6,2023-06-01,현대,10761
서유럽,경차,2023,7,2023-07-01,현대,9799
서유럽,경차,2023,8,2023-08-01,현대,6459
서유럽,경차,2023,9,2023-09-01,현대,10172
서유럽,경차,2023,10,2023-10-01,현대,8429
서유럽,경차,2023,11,2023-11-01,현대,8620
서유럽,경차,2023,12,2023-12-01,현대,7628
서유럽,경차,2024,1,2024-01-01,현대,8604
서유럽,경차,2024,2,2024-02-01,현대,8041
서유럽,경차,2024,3,2024-03-01,현대,11746
서유럽,경차,2024,4,2024-04-01,현대,10178
서유럽,경차,2024,5,2024-05-01,현대,11216
서유럽,경차,2024,6,2024-06-01,현대,12194
서유럽,경차,2024,7,2024-07-01,현대,9882
서유럽,경차,2024,8,2024-08-01,현대,7489
서유럽,경차,2024,9,2024-09-01,현대,11168
서유럽,경차,2024,10,2024-10-01,현대,9571
서유럽,경차,2024,11,2024-11-01,현대,8636
서유럽,경차,2024,12,2024-12-01,현대,6959
서유럽,경차,2025,1,2025-01-01,현대,8421
서유럽,기타,2023,1,2023-01-01,기아,6925
서유럽,기타,2023,2,2023-02-01,기아,5441
서유럽,기타,2023,3,2023-03-01,기아,5968
서유럽,기타,2023,4,2023-04-01,기아,7634
서유럽,기타,2023,5,2023-05-01,기아,4061
서유럽,기타,2023,6,2023-06-01,기아,3962
서유럽,기타,2023,7,2023-07-01,기아,3319
서유럽,기타,2023,8,2023-08-01,기아,5332
서유럽,기타,2023,9,2023-09-01,기아,4752
서유럽,기타,2023,10,2023-10-01,기아,3698
서유럽,기타,2023,11,2023-11-01,기아,7326
서유럽,기타,2023,12,2023-12-01,기아,5055
서유럽,기타,2024,1,2024-01-01,기아,6445
서유럽,기타,2024,2,2024-02-01,기아,5441
서유럽,기타,2024,3,2024-03-01,기아,5242
서유럽,기타,2024,4,2024-04-01,기아,7581
서유럽,기타,2024,5,2024-05-01,기아,7686
서유럽,기타,2024,6,2024-06-01,기아,4261
서유럽,기타,2024,7,2024-07-01,기아,7794
서유럽,기타,2024,8,2024-08-01,기아,5549
서유럽,기타,2024,9,2024-09-01,기아,4489
서유럽,기타,2024,10,2024-10-01,기아,4208
서유럽,기타,2024,11,2024-11-01,기아,6893
서유럽,기타,2024,12,2024-12-01,기아,3293
서유럽,기타,2025,1,2025-01-01,기아,5209
서유럽,기타,2023,1,2023-01-01,현대,6352
서유럽,기타,2023,2,2023-02-01,현대,5271
서유럽,기타,2023,3,2023-03-01,현대,6402
서유럽,기타,2023,4,2023-04-01,현대,5956
서유럽,기타,2023,5,2023-05-01,현대,5948
서유럽,기타,2023,6,2023-06-01,현대,6616
서유럽,기타,2023,7,2023-07-01,현대,5402
서유럽,기타,2023,8,2023-08-01,현대,4911
서유럽,기타,2023,9,2023-09-01,현대,5832
서유럽,기타,2023,10,2023-10-01,현대,5313
서유럽,기타,2023,11,2023-11-01,현대,5135
서유럽,기타,2023,12,2023-12-01,현대,4837
서유럽,기타,2024,1,2024-01-01,현대,4428
서유럽,기타,2024,2,2024-02-01,현대,4867
서유럽,기타,2024,3,2024-03-01,현대,6386
서유럽,기타,2024,4,2024-04-01,현대,5913
서유럽,기타,2024,5,2024-05-01,현대,6204
서유럽,기타,2024,6,2024-06-01,현대,5661
서유럽,기타,2024,7,2024-07-01,현대,5020
서유럽,기타,2024,8,2024-08-01,현대,3525
서유럽,기타,2024,9,2024-09-01,현대,4518
서유럽,기타,2024,10,2024-10-01,현대,4535
서유럽,기타,2024,11,2024-11-01,현대,4623
서유럽,기타,2024,12,2024-12-01,현대,3936
서유럽,기타,2025,1,2025-01-01,현대,3849
서유럽,세단,2023,1,2023-01-01,기아,3231
서유럽,세단,2023,2,2023-02-01,기아,115
서유럽,세단,2023,3,2023-03-01,기아,140
서유럽,세단,2023,4,2023-04-01,기아,94
서유럽,세단,2023,5,2023-05-01,기아,122
서유럽,세단,2023,6,2023-06-01,기아,70
서유럽,세단,2023,7,2023-07-01,기아,75
서유럽,세단,2023,8,2023-08-01,기아,109
서유럽,세단,2023,9,2023-09-01,기아,78
서유럽,세단,2023,10,2023-10-01,기아,169
서유럽,세단,2023,11,2023-11-01,기아,68
서유럽,세단,2023,12,2023-12-01,기아,116
서유럽,세단,2024,1,2024-01-01,기아,171
서유럽,세단,2024,2,2024-02-01,기아,129
서유럽,세단,2024,3,2024-03-01,기아,163
서유럽,세단,2024,4,2024-04-01,기아,127
서유럽,세단,2024,5,2024-05-01,기아,89
서유럽,세단,2024,6,2024-06-01,기아,129
서유럽,세단,2024,7,2024-07-01,기아,132
서유럽,세단,2024,8,2024-08-01,기아,82
서유럽,세단,2024,9,2024-09-01,기아,171
서유럽,세단,2024,10,2024-10-01,기아,121
서유럽,세단,2024,11,2024-11-01,기아,142
서유럽,세단,2024,12,2024-12-01,기아,124
서유럽,세단,2025,1,2025-01-01,기아,137
서유럽,세단,2023,1,2023-01-01,현대,117
서유럽,세단,2023,2,2023-02-01,현대,131
서유럽,세단,2023,3,2023-03-01,현대,108
서유럽,세단,2023,4,2023-04-01,현대,181
서유럽,세단,2023,5,2023-05-01,현대,147
서유럽,세단,2023,6,2023-06-01,현대,237
서유럽,세단,2023,7,2023-07-01,현대,198
서유럽,세단,2023,8,2023-08-01,현대,90
서유럽,세단,2023,9,2023-09-01,현대,40
서유럽,세단,2023,10,2023-10-01,현대,31
서유럽,세단,2023,11,2023-11-01,현대,80
서유럽,세단,2023,12,2023-12-01,현대,30
서유럽,세단,2024,1,2024-01-01,현대,51
서유럽,세단,2024,2,2024-02-01,현대,34
서유럽,세단,2024,3,2024-03-01,현대,74
서유럽,세단,2024,4,2024-04-01,현대,118
서유럽,세단,2024,5,2024-05-01,현대,98
서유럽,세단,2024,6,2024-06-01,현대,100
서유럽,세단,2024,7,2024-07-01,현대,246
서유럽,세단,2024,8,2024-08-01,현대,176
서유럽,세단,2024,9,2024-09-01,현대,51
서유럽,세단,2024,10,2024-10-01,현대,64
서유럽,세단,2024,11,2024-11-01,현대,31
서유럽,세단,2024,12,2024-12-01,현대,34
서유럽,세단,2025,1,2025-01-01,현대,14
아시아-기타,SUV,2023,1,2023-01-01,기아,7481
아시아-기타,SUV,2023,2,2023-02-01,기아,2916
아시아-기타,SUV,2023,3,2023-03-01,기아,3456
아시아-기타,SUV,2023,4,2023-04-01,기아,2743
아시아-기타,SUV,2023,5,2023-05-01,기아,1841
아시아-기타,SUV,2023,6,2023-06-01,기아,2222
아시아-기타,SUV,2023,7,2023-07-01,기아,2652
아시아-기타,SUV,2023,8,2023-08-01,기아,1568
아시아-기타,SUV,2023,9,2023-09-01,기아,3759
아시아-기타,SUV,2023,10,2023-10-01,기아,3215
아시아-기타,SUV,2023,11,2023-11-01,기아,2925
아시아-기타,SUV,2023,12,2023-12-01,기아,2567
아시아-기타,SUV,2024,1,2024-01-01,기아,9043
아시아-기타,SUV,2024,2,2024-02-01,기아,3073
아시아-기타,SUV,2024,3,2024-03-01,기아,3706
아시아-기타,SUV,2024,4,2024-04-01,기아,2894
아시아-기타,SUV,2024,5,2024-05-01,기아,2838
아시아-기타,SUV,2024,6,2024-06-01,기아,2983
아시아-기타,SUV,2024,7,2024-07-01,기아,2767
아시아-기타,SUV,2024,8,2024-08-01,기아,3661
아시아-기타,SUV,2024,9,2024-09-01,기아,1964
아시아-기타,SUV,2024,10,2024-10-01,기아,3064
아시아-기타,SUV,2024,11,2024-11-01,기아,4220
아시아-기타,SUV,2024,12,2024-12-01,기아,2813
아시아-기타,SUV,2025,1,2025-01-01,기아,9144
아시아-기타,SUV,2023,1,2023-01-01,현대,2917
아시아-기타,SUV,2023,2,2023-02-01,현대,2839
아시아-기타,SUV,2023,3,2023-03-01,현대,3652
아시아-기타,SUV,2023,4,2023-04-01,현대,2793
아시아-기타,SUV,2023,5,2023-05-01,현대,3923
아시아-기타,SUV,2023,6,2023-06-01,현대,3209
아시아-기타,SUV,2023,7,2023-07-01,현대,2208
아시아-기타,SUV,2023,8,2023-08-01,현대,2091
아시아-기타,SUV,2023,9,2023-09-01,현대,1920
아시아-기타,SUV,2023,10,2023-10-01,현대,3504
아시아-기타,SUV,2023,11,2023-11-01,현대,3551
아시아-기타,SUV,2023,12,2023-12-01,현대,2730
아시아-기타,SUV,2024,1,2024-01-01,현대,3413
아시아-기타,SUV,2024,2,2024-02-01,현대,2820
아시아-기타,SUV,2024,3,2024-03-01,현대,3253
아시아-기타,SUV,2024,4,2024-04-01,현대,2927
아시아-기타,SUV,2024,5,2024-05-01,현대,3843
아시아-기타,SUV,2024,6,2024-06-01,현대,3064
아시아-기타,SUV,2024,7,2024-07-01,현대,2988
아시아-기타,SUV,2024,8,2024-08-01,현대,3174
아시아-기타,SUV,2024,9,2024-09-01,현대,2836
아시아-기타,SUV,2024,10,2024-10-01,현대,3931
아시아-기타,SUV,2024,11,2024-11-01,현대,4371
아시아-기타,SUV,2024,12,2024-12-01,현대,4381
아시아-기타,SUV,2025,1,2025-01-01,현대,3519
아시아-기타,경차,2023,1,2023-01-01,기아,460
아시아-기타,경차,2023,2,2023-02-01,기아,2
아시아-기타,경차,2023,3,2023-03-01,기아,2
아시아-기타,경차,2023,4,2023-04-01,기아,1
아시아-기타,경차,2023,5,2023-05-01,기아,2
아시아-기타,경차,2023,6,2023-06-01,기아,1
아시아-기타,경차,2023,7,2023-07-01,기아,2
아시아-기타,경차,2023,8,2023-08-01,기아,2
아시아-기타,경차,2023,9,2023-09-01,기아,2
아시아-기타,경차,2023,10,2023-10-01,기아,2
아시아-기타,경차,2023,11,2023-11-01,기아,1
아시아-기타,경차,2023,12,2023-12-01,기아,2
아시아-기타,경차,2024,1,2024-01-01,기아,316
아시아-기타,경차,2024,2,2024-02-01,기아,2
아시아-기타,경차,2024,3,2024-03-01,기아,1
아시아-기타,경차,2024,4,2024-04-01,기아,2
아시아-기타,경차,2024,5,2024-05-01,기아,1
아시아-기타,경차,2024,6,2024-06-01,기아,1
아시아-기타,경차,2024,7,2024-07-01,기아,1
아시아-기타,경차,2024,8,2024-08-01,기아,1
아시아-기타,경차,2024,9,2024-09-01,기아,1
아시아-기타,경차,2024,10,2024-10-01,기아,2
아시아-기타,경차,2024,11,2024-11-01,기아,1
아시아-기타,경차,2024,12,2024-12-01,기아,2
아시아-기타,경차,2025,1,2025-01-01,기아,718
아시아-기타,경차,2023,1,2023-01-01,현대,559
아시아-기타,경차,2023,2,2023-02-01,현대,704
아시아-기타,경차,2023,3,2023-03-01,현대,714
아시아-기타,경차,2023,4,2023-04-01,현대,592
아시아-기타,경차,2023,5,2023-05-01,현대,329
아시아-기타,경차,2023,6,2023-06-01,현대,430
아시아-기타,경차,2023,7,2023-07-01,현대,581
아시아-기타,경차,2023,8,2023-08-01,현대,492
아시아-기타,경차,2023,9,2023-09-01,현대,563
아시아-기타,경차,2023,10,2023-10-01,현대,499
아시아-기타,경차,2023,11,2023-11-01,현대,679
아시아-기타,경차,2023,12,2023-12-01,현대,700
아시아-기타,경차,2024,1,2024-01-01,현대,417
아시아-기타,경차,2024,2,2024-02-01,현대,479
아시아-기타,경차,2024,3,2024-03-01,현대,419
아시아-기타,경차,2024,4,2024-04-01,현대,30
아시아-기타,경차,2024,5,2024-05-01,현대,7
아시아-기타,경차,2024,6,2024-06-01,현대,412
아시아-기타,경차,2024,7,2024-07-01,현대,522
아시아-기타,경차,2024,8,2024-08-01,현대,666
아시아-기타,경차,2024,9,2024-09-01,현대,620
아시아-기타,경차,2024,10,2024-10-01,현대,957
아시아-기타,경차,2024,11,2024-11-01,현대,392
아시아-기타,경차,2024,12,2024-12-01,현대,331
아시아-기타,경차,2025,1,2025-01-01,현대,366
아시아-기타,기타,2023,1,2023-01-01,기아,2694
아시아-기타,기타,2023,2,2023-02-01,기아,997
아시아-기타,기타,2023,3,2023-03-01,기아,762
아시아-기타,기타,2023,4,2023-04-01,기아,630
아시아-기타,기타,2023,5,2023-05-01,기아,1202
아시아-기타,기타,2023,6,2023-06-01,기아,638
아시아-기타,기타,2023,7,2023-07-01,기아,630
아시아-기타,기타,2023,8,2023-08-01,기아,1235
아시아-기타,기타,2023,9,2023-09-01,기아,1063
아시아-기타,기타,2023,10,2023-10-01,기아,509
아시아-기타,기타,2023,11,2023-11-01,기아,1398
아시아-기타,기타,2023,12,2023-12-01,기아,626
아시아-기타,기타,2024,1,2024-01-01,기아,2866
아시아-기타,기타,2024,2,2024-02-01,기아,997
아시아-기타,기타,2024,3,2024-03-01,기아,1462
아시아-기타,기타,2024,4,2024-04-01,기아,500
아시아-기타,기타,2024,5,2024-05-01,기아,932
아시아-기타,기타,2024,6,2024-06-01,기아,1156
아시아-기타,기타,2024,7,2024-07-01,기아,644
아시아-기타,기타,2024,8,2024-08-01,기아,844
아시아-기타,기타,2024,9,2024-09-01,기아,1271
아시아-기타,기타,2024,10,2024-10-01,기아,1413
아시아-기타,기타,2024,11,2024-11-01,기아,780
아시아-기타,기타,2024,12,2024-12-01,기아,716
아시아-기타,기타,2025,1,2025-01-01,기아,2263
아시아-기타,기타,2023,1,2023-01-01,현대,1001
아시아-기타,기타,2023,2,2023-02-01,현대,2016
아시아-기타,기타,2023,3,2023-03-01,현대,1779
아시아-기타,기타,2023,4,2023-04-01,현대,581
아시아-기타,기타,2023,5,2023-05-01,현대,1012
아시아-기타,기타,2023,6,2023-06-01,현대,520
아시아-기타,기타,2023,7,2023-07-01,현대,696
아시아-기타,기타,2023,8,2023-08-01,현대,1691
아시아-기타,기타,2023,9,2023-09-01,현대,1636
아시아-기타,기타,2023,10,2023-10-01,현대,2119
아시아-기타,기타,2023,11,2023-11-01,현대,1416
아시아-기타,기타,2023,12,2023-12-01,현대,1543
아시아-기타,기타,2024,1,2024-01-01,현대,2037
아시아-기타,기타,2024,2,2024-02-01,현대,2171
아시아-기타,기타,2024,3,2024-03-01,현대,1152
아시아-기타,기타,2024,4,2024-04-01,현대,907
아시아-기타,기타,2024,5,2024-05-01,현대,999
아시아-기타,기타,2024,6,2024-06-01,현대,1370
아시아-기타,기타,2024,7,2024-07-01,현대,721
아시아-기타,기타,2024,8,2024-08-01,현대,908
아시아-기타,기타,2024,9,2024-09-01,현대,1029
아시아-기타,기타,2024,10,2024-10-01,현대,961
아시아-기타,기타,2024,11,2024-11-01,현대,810
아시아-기타,기타,2024,12,2024-12-01,현대,1046
아시아-기타,기타,2025,1,2025-01-01,현대,711
아시아-기타,세단,2023,1,2023-01-01,기아,804
아시아-기타,세단,2023,2,2023-02-01,기아,196
아시아-기타,세단,2023,3,2023-03-01,기아,199
아시아-기타,세단,2023,4,2023-04-01,기아,206
아시아-기타,세단,2023,5,2023-05-01,기아,254
아시아-기타,세단,2023,6,2023-06-01,기아,278
아시아-기타,세단,2023,7,2023-07-01,기아,168
아시아-기타,세단,2023,8,2023-08-01,기아,183
아시아-기타,세단,2023,9,2023-09-01,기아,158
아시아-기타,세단,2023,10,2023-10-01,기아,293
아시아-기타,세단,2023,11,2023-11-01,기아,183
아시아-기타,세단,2023,12,2023-12-01,기아,277
아시아-기타,세단,2024,1,2024-01-01,기아,195
아시아-기타,세단,2024,2,2024-02-01,기아,114
아시아-기타,세단,2024,3,2024-03-01,기아,176
아시아-기타,세단,2024,4,2024-04-01,기아,216
아시아-기타,세단,2024,5,2024-05-01,기아,183
아시아-기타,세단,2024,6,2024-06-01,기아,274
아시아-기타,세단,2024,7,2024-07-01,기아,185
아시아-기타,세단,2024,8,2024-08-01,기아,161
아시아-기타,세단,2024,9,2024-09-01,기아,208
아시아-기타,세단,2024,10,2024-10-01,기아,270
아시아-기타,세단,2024,11,2024-11-01,기아,170
아시아-기타,세단,2024,12,2024-12-01,기아,138
아시아-기타,세단,2025,1,2025-01-01,기아,202
아시아-기타,세단,2023,1,2023-01-01,현대,948
아시아-기타,세단,2023,2,2023-02-01,현대,1718
아시아-기타,세단,2023,3,2023-03-01,현대,1967
아시아-기타,세단,2023,4,2023-04-01,현대,1223
아시아-기타,세단,2023,5,2023-05-01,현대,1857
아시아-기타,세단,2023,6,2023-06-01,현대,838
아시아-기타,세단,2023,7,2023-07-01,현대,1153
아시아-기타,세단,2023,8,2023-08-01,현대,1560
아시아-기타,세단,2023,9,2023-09-01,현대,1492
아시아-기타,세단,2023,10,2023-10-01,현대,1957
아시아-기타,세단,2023,11,2023-11-01,현대,1912
아시아-기타,세단,2023,12,2023-12-01,현대,1107
아시아-기타,세단,2024,1,2024-01-01,현대,1663
아시아-기타,세단,2024,2,2024-02-01,현대,1481
아시아-기타,세단,2024,3,2024-03-01,현대,1881
아시아-기타,세단,2024,4,2024-04-01,현대,1103
아시아-기타,세단,2024,5,2024-05-01,현대,883
아시아-기타,세단,2024,6,2024-06-01,현대,1056
아시아-기타,세단,2024,7,2024-07-01,현대,1685
아시아-기타,세단,2024,8,2024-08-01,현대,1597
아시아-기타,세단,2024,9,2024-09-01,현대,1782
아시아-기타,세단,2024,10,2024-10-01,현대,1716
아시아-기타,세단,2024,11,2024-11-01,현대,1297
아시아-기타,세단,2024,12,2024-12-01,현대,696
아시아-기타,세단,2025,1,2025-01-01,현대,932
아시아-기타,화물차,2023,1,2023-01-01,기아,328
아시아-기타,화물차,2023,2,2023-02-01,기아,302
아시아-기타,화물차,2023,3,2023-03-01,기아,321
아시아-기타,화물차,2023,4,2023-04-01,기아,172
아시아-기타,화물차,2023,5,2023-05-01,기아,214
아시아-기타,화물차,2023,6,2023-06-01,기아,249
아시아-기타,화물차,2023,7,2023-07-01,기아,156
아시아-기타,화물차,2023,8,2023-08-01,기아,156
아시아-기타,화물차,2023,9,2023-09-01,기아,431
아시아-기타,화물차,2023,10,2023-10-01,기아,195
아시아-기타,화물차,2023,11,2023-11-01,기아,388
아시아-기타,화물차,2023,12,2023-12-01,기아,426
아시아-기타,화물차,2024,1,2024-01-01,기아,676
아시아-기타,화물차,2024,2,2024-02-01,기아,302
아시아-기타,화물차,2024,3,2024-03-01,기아,285
아시아-기타,화물차,2024,4,2024-04-01,기아,353
아시아-기타,화물차,2024,5,2024-05-01,기아,287
아시아-기타,화물차,2024,6,2024-06-01,기아,224
아시아-기타,화물차,2024,7,2024-07-01,기아,217
아시아-기타,화물차,2024,8,2024-08-01,기아,446
아시아-기타,화물차,2024,9,2024-09-01,기아,423
아시아-기타,화물차,2024,10,2024-10-01,기아,159
아시아-기타,화물차,2024,11,2024-11-01,기아,321
아시아-기타,화물차,2024,12,2024-12-01,기아,295
아시아-기타,화물차,2025,1,2025-01-01,기아,548
아시아-기타,화물차,2023,1,2023-01-01,현대,908
아시아-기타,화물차,2023,2,2023-02-01,현대,742
아시아-기타,화물차,2023,3,2023-03-01,현대,1088
아시아-기타,화물차,2023,4,2023-04-01,현대,701
아시아-기타,화물차,2023,5,2023-05-01,현대,595
아시아-기타,화물차,2023,6,2023-06-01,현대,610
아시아-기타,화물차,2023,7,2023-07-01,현대,805
아시아-기타,화물차,2023,8,2023-08-01,현대,633
아시아-기타,화물차,2023,9,2023-09-01,현대,896
아시아-기타,화물차,2023,10,2023-10-01,현대,689
아시아-기타,화물차,2023,11,2023-11-01,현대,643
아시아-기타,화물차,2023,12,2023-12-01,현대,545
아시아-기타,화물차,2024,1,2024-01-01,현대,636
아시아-기타,화물차,2024,2,2024-02-01,현대,337
아시아-기타,화물차,2024,3,2024-03-01,현대,674
아시아-기타,화물차,2024,4,2024-04-01,현대,626
아시아-기타,화물차,2024,5,2024-05-01,현대,760
아시아-기타,화물차,2024,6,2024-06-01,현대,676
아시아-기타,화물차,2024,7,2024-07-01,현대,593
아시아-기타,화물차,2024,8,2024-08-01,현대,532
아시아-기타,화물차,2024,9,2024-09-01,현대,744
아시아-기타,화물차,2024,10,2024-10-01,현대,677
아시아-기타,화물차,2024,11,2024-11-01,현대,314
아시아-기타,화물차,2024,12,2024-12-01,현대,388
아시아-기타,화물차,2025,1,2025-01-01,현대,644
아시아-인도,SUV,2023,1,2023-01-01,기아,18464
아시아-인도,SUV,2023,2,2023-02-01,기아,6760
아시아-인도,SUV,2023,3,2023-03-01,기아,5358
아시아-인도,SUV,2023,4,2023-04-01,기아,9810
아시아-인도,SUV,2023,5,2023-05-01,기아,7828
아시아-인도,SUV,2023,6,2023-06-01,기아,5385
아시아-인도,SUV,2023,7,2023-07-01,기아,5516
아시아-인도,SUV,2023,8,2023-08-01,기아,4423
아시아-인도,SUV,2023,9,2023-09-01,기아,9245
아시아-인도,SUV,2023,10,2023-10-01,기아,9090
아시아-인도,SUV,2023,11,2023-11-01,기아,3506
아시아-인도,SUV,2023,12,2023-12-01,기아,8130
아시아-인도,SUV,2024,1,2024-01-01,기아,18595
아시아-인도,SUV,2024,2,2024-02-01,기아,6327
아시아-인도,SUV,2024,3,2024-03-01,기아,8250
아시아-인도,SUV,2024,4,2024-04-01,기아,3541
아시아-인도,SUV,2024,5,2024-05-01,기아,3932
아시아-인도,SUV,2024,6,2024-06-01,기아,8319
아시아-인도,SUV,2024,7,2024-07-01,기아,5400
아시아-인도,SUV,2024,8,2024-08-01,기아,6203
아시아-인도,SUV,2024,9,2024-09-01,기아,4235
아시아-인도,SUV,2024,10,2024-10-01,기아,4052
아시아-인도,SUV,2024,11,2024-11-01,기아,9423
아시아-인도,SUV,2024,12,2024-12-01,기아,8276
아시아-인도,SUV,2025,1,2025-01-01,기아,19293
아시아-인도,SUV,2023,1,2023-01-01,현대,32823
아시아-인도,SUV,2023,2,2023-02-01,현대,27797
아시아-인도,SUV,2023,3,2023-03-01,현대,32460
아시아-인도,SUV,2023,4,2023-04-01,현대,32593
아시아-인도,SUV,2023,5,2023-05-01,현대,32998
아시아-인도,SUV,2023,6,2023-06-01,현대,33880
아시아-인도,SUV,2023,7,2023-07-01,현대,32991
아시아-인도,SUV,2023,8,2023-08-01,현대,34160
아시아-인도,SUV,2023,9,2023-09-01,현대,36027
아시아-인도,SUV,2023,10,2023-10-01,현대,34955
아시아-인도,SUV,2023,11,2023-11-01,현대,33465
아시아-인도,SUV,2023,12,2023-12-01,현대,28403
아시아-인도,SUV,2024,1,2024-01-01,현대,35479
아시아-인도,SUV,2024,2,2024-02-01,현대,33390
아시아-인도,SUV,2024,3,2024-03-01,현대,36213
아시아-인도,SUV,2024,4,2024-04-01,현대,33807
아시아-인도,SUV,2024,5,2024-05-01,현대,32859
아시아-인도,SUV,2024,6,2024-06-01,현대,34136
아시아-인도,SUV,2024,7,2024-07-01,현대,32995
아시아-인도,SUV,2024,8,2024-08-01,현대,33768
아시아-인도,SUV,2024,9,2024-09-01,현대,35929
아시아-인도,SUV,2024,10,2024-10-01,현대,37921
아시아-인도,SUV,2024,11,2024-11-01,현대,33212
아시아-인도,SUV,2024,12,2024-12-01,현대,29561
아시아-인도,SUV,2025,1,2025-01-01,현대,37105
아시아-인도,경차,2023,1,2023-01-01,기아,40
아시아-인도,경차,2023,2,2023-02-01,기아,22
아시아-인도,경차,2023,3,2023-03-01,기아,24
아시아-인도,경차,2023,4,2023-04-01,기아,25
아시아-인도,경차,2023,5,2023-05-01,기아,42
아시아-인도,경차,2023,6,2023-06-01,기아,38
아시아-인도,경차,2023,7,2023-07-01,기아,25
아시아-인도,경차,2023,8,2023-08-01,기아,49
아시아-인도,경차,2023,9,2023-09-01,기아,55
아시아-인도,경차,2023,10,2023-10-01,기아,34
아시아-인도,경차,2023,11,2023-11-01,기아,30
아시아-인도,경차,2023,12,2023-12-01,기아,44
아시아-인도,경차,2024,1,2024-01-01,기아,28
아시아-인도,경차,2024,2,2024-02-01,기아,47
아시아-인도,경차,2024,3,2024-03-01,기아,34
아시아-인도,경차,2024,4,2024-04-01,기아,21
아시아-인도,경차,2024,5,2024-05-01,기아,34
아시아-인도,경차,2024,6,2024-06-01,기아,52
아시아-인도,경차,2024,7,2024-07-01,기아,59
아시아-인도,경차,2024,8,2024-08-01,기아,50
아시아-인도,경차,2024,9,2024-09-01,기아,34
아시아-인도,경차,2024,10,2024-10-01,기아,26
아시아-인도,경차,2024,11,2024-11-01,기아,42
아시아-인도,경차,2024,12,2024-12-01,기아,23
아시아-인도,경차,2025,1,2025-01-01,기아,22
아시아-인도,경차,2023,1,2023-01-01,현대,16945
아시아-인도,경차,2023,2,2023-02-01,현대,18922
아시아-인도,경차,2023,3,2023-03-01,현대,15900
아시아-인도,경차,2023,4,2023-04-01,현대,13311
아시아-인도,경차,2023,5,2023-05-01,현대,12479
아시아-인도,경차,2023,6,2023-06-01,현대,12483
아시아-인도,경차,2023,7,2023-07-01,현대,10338
아시아-인도,경차,2023,8,2023-08-01,현대,12202
아시아-인도,경차,2023,9,2023-09-01,현대,11704
아시아-인도,경차,2023,10,2023-10-01,현대,13764
아시아-인도,경차,2023,11,2023-11-01,현대,10435
아시아-인도,경차,2023,12,2023-12-01,현대,9821
아시아-인도,경차,2024,1,2024-01-01,현대,19464
아시아-인도,경차,2024,2,2024-02-01,현대,15131
아시아-인도,경차,2024,3,2024-03-01,현대,15072
아시아-인도,경차,2024,4,2024-04-01,현대,14842
아시아-인도,경차,2024,5,2024-05-01,현대,14930
아시아-인도,경차,2024,6,2024-06-01,현대,14562
아시아-인도,경차,2024,7,2024-07-01,현대,14616
아시아-인도,경차,2024,8,2024-08-01,현대,14582
아시아-인도,경차,2024,9,2024-09-01,현대,13993
아시아-인도,경차,2024,10,2024-10-01,현대,16394
아시아-인도,경차,2024,11,2024-11-01,현대,13840
아시아-인도,경차,2024,12,2024-12-01,현대,11794
아시아-인도,경차,2025,1,2025-01-01,현대,15440
아시아-인도,기타,2023,1,2023-01-01,기아,7267
아시아-인도,기타,2023,2,2023-02-01,기아,1514
아시아-인도,기타,2023,3,2023-03-01,기아,1740
아시아-인도,기타,2023,4,2023-04-01,기아,851
아시아-인도,기타,2023,5,2023-05-01,기아,1379
아시아-인도,기타,2023,6,2023-06-01,기아,1260
아시아-인도,기타,2023,7,2023-07-01,기아,1834
아시아-인도,기타,2023,8,2023-08-01,기아,860
아시아-인도,기타,2023,9,2023-09-01,기아,2171
아시아-인도,기타,2023,10,2023-10-01,기아,2187
아시아-인도,기타,2023,11,2023-11-01,기아,1399
아시아-인도,기타,2023,12,2023-12-01,기아,2259
아시아-인도,기타,2024,1,2024-01-01,기아,5951
아시아-인도,기타,2024,2,2024-02-01,기아,1514
아시아-인도,기타,2024,3,2024-03-01,기아,1587
아시아-인도,기타,2024,4,2024-04-01,기아,1146
아시아-인도,기타,2024,5,2024-05-01,기아,2014
아시아-인도,기타,2024,6,2024-06-01,기아,930
아시아-인도,기타,2024,7,2024-07-01,기아,1681
아시아-인도,기타,2024,8,2024-08-01,기아,2088
아시아-인도,기타,2024,9,2024-09-01,기아,1510
아시아-인도,기타,2024,10,2024-10-01,기아,2264
아시아-인도,기타,2024,11,2024-11-01,기아,1247
아시아-인도,기타,2024,12,2024-12-01,기아,2142
아시아-인도,기타,2025,1,2025-01-01,기아,7519
아시아-인도,세단,2023,1,2023-01-01,기아,57
아시아-인도,세단,2023,2,2023-02-01,기아,40
아시아-인도,세단,2023,3,2023-03-01,기아,78
아시아-인도,세단,2023,4,2023-04-01,기아,51
아시아-인도,세단,2023,5,2023-05-01,기아,46
아시아-인도,세단,2023,6,2023-06-01,기아,82
아시아-인도,세단,2023,7,2023-07-01,기아,33
아시아-인도,세단,2023,8,2023-08-01,기아,74
아시아-인도,세단,2023,9,2023-09-01,기아,70
아시아-인도,세단,2023,10,2023-10-01,기아,44
아시아-인도,세단,2023,11,2023-11-01,기아,56
아시아-인도,세단,2023,12,2023-12-01,기아,63
아시아-인도,세단,2024,1,2024-01-01,기아,80
아시아-인도,세단,2024,2,2024-02-01,기아,60
아시아-인도,세단,2024,3,2024-03-01,기아,28
아시아-인도,세단,2024,4,2024-04-01,기아,57
아시아-인도,세단,2024,5,2024-05-01,기아,47
아시아-인도,세단,2024,6,2024-06-01,기아,42
아시아-인도,세단,2024,7,2024-07-01,기아,40
아시아-인도,세단,2024,8,2024-08-01,기아,72
아시아-인도,세단,2024,9,2024-09-01,기아,84
아시아-인도,세단,2024,10,2024-10-01,기아,30
아시아-인도,세단,2024,11,2024-11-01,기아,81
아시아-인도,세단,2024,12,2024-12-01,기아,46
아시아-인도,세단,2025,1,2025-01-01,기아,57
아시아-인도,세단,2023,1,2023-01-01,현대,6341
아시아-인도,세단,2023,2,2023-02-01,현대,6283
아시아-인도,세단,2023,3,2023-03-01,현대,7576
아시아-인도,세단,2023,4,2023-04-01,현대,9133
아시아-인도,세단,2023,5,2023-05-01,현대,8441
아시아-인도,세단,2023,6,2023-06-01,현대,8955
아시아-인도,세단,2023,7,2023-07-01,현대,7419
아시아-인도,세단,2023,8,2023-08-01,현대,7515
아시아-인도,세단,2023,9,2023-09-01,현대,6557
아시아-인도,세단,2023,10,2023-10-01,현대,6456
아시아-인도,세단,2023,11,2023-11-01,현대,5598
아시아-인도,세단,2023,12,2023-12-01,현대,4571
아시아-인도,세단,2024,1,2024-01-01,현대,2215
아시아-인도,세단,2024,2,2024-02-01,현대,1725
아시아-인도,세단,2024,3,2024-03-01,현대,1759
아시아-인도,세단,2024,4,2024-04-01,현대,1618
아시아-인도,세단,2024,5,2024-05-01,현대,1428
아시아-인도,세단,2024,6,2024-06-01,현대,1471
아시아-인도,세단,2024,7,2024-07-01,현대,1467
아시아-인도,세단,2024,8,2024-08-01,현대,1241
아시아-인도,세단,2024,9,2024-09-01,현대,1245
아시아-인도,세단,2024,10,2024-10-01,현대,1319
아시아-인도,세단,2024,11,2024-11-01,현대,1260
아시아-인도,세단,2024,12,2024-12-01,현대,919
아시아-인도,세단,2025,1,2025-01-01,현대,1524
아시아-인도,화물차,2023,1,2023-01-01,기아,656
아시아-인도,화물차,2023,2,2023-02-01,기아,502
아시아-인도,화물차,2023,3,2023-03-01,기아,876
아시아-인도,화물차,2023,4,2023-04-01,기아,416
아시아-인도,화물차,2023,5,2023-05-01,기아,658
아시아-인도,화물차,2023,6,2023-06-01,기아,794
아시아-인도,화물차,2023,7,2023-07-01,기아,442
아시아-인도,화물차,2023,8,2023-08-01,기아,846
아시아-인도,화물차,2023,9,2023-09-01,기아,529
아시아-인도,화물차,2023,10,2023-10-01,기아,572
아시아-인도,화물차,2023,11,2023-11-01,기아,491
아시아-인도,화물차,2023,12,2023-12-01,기아,937
아시아-인도,화물차,2024,1,2024-01-01,기아,607
아시아-인도,화물차,2024,2,2024-02-01,기아,668
아시아-인도,화물차,2024,3,2024-03-01,기아,362
아시아-인도,화물차,2024,4,2024-04-01,기아,718
아시아-인도,화물차,2024,5,2024-05-01,기아,708
아시아-인도,화물차,2024,6,2024-06-01,기아,624
아시아-인도,화물차,2024,7,2024-07-01,기아,541
아시아-인도,화물차,2024,8,2024-08-01,기아,438
아시아-인도,화물차,2024,9,2024-09-01,기아,400
아시아-인도,화물차,2024,10,2024-10-01,기아,403
아시아-인도,화물차,2024,11,2024-11-01,기아,784
아시아-인도,화물차,2024,12,2024-12-01,기아,547
아시아-인도,화물차,2025,1,2025-01-01,기아,560
아시아-중국,SUV,2023,1,2023-01-01,기아,5404
아시아-중국,SUV,2023,2,2023-02-01,기아,5256
아시아-중국,SUV,2023,3,2023-03-01,기아,4631
아시아-중국,SUV,2023,4,2023-04-01,기아,3450
아시아-중국,SUV,2023,5,2023-05-01,기아,5796
아시아-중국,SUV,2023,6,2023-06-01,기아,5679
아시아-중국,SUV,2023,7,2023-07-01,기아,3642
아시아-중국,SUV,2023,8,2023-08-01,기아,7274
아시아-중국,SUV,2023,9,2023-09-01,기아,3897
아시아-중국,SUV,2023,10,2023-10-01,기아,5266
아시아-중국,SUV,2023,11,2023-11-01,기아,5233
아시아-중국,SUV,2023,12,2023-12-01,기아,5350
아시아-중국,SUV,2024,1,2024-01-01,기아,7053
아시아-중국,SUV,2024,2,2024-02-01,기아,6419
아시아-중국,SUV,2024,3,2024-03-01,기아,4585
아시아-중국,SUV,2024,4,2024-04-01,기아,5568
아시아-중국,SUV,2024,5,2024-05-01,기아,5467
아시아-중국,SUV,2024,6,2024-06-01,기아,8936
아시아-중국,SUV,2024,7,2024-07-01,기아,8622
아시아-중국,SUV,2024,8,2024-08-01,기아,8350
아시아-중국,SUV,2024,9,2024-09-01,기아,7156
아시아-중국,SUV,2024,10,2024-10-01,기아,8388
아시아-중국,SUV,2024,11,2024-11-01,기아,4531
아시아-중국,SUV,2024,12,2024-12-01,기아,7314
아시아-중국,SUV,2025,1,2025-01-01,기아,6291
아시아-중국,SUV,2023,1,2023-01-01,현대,10924
아시아-중국,SUV,2023,2,2023-02-01,현대,10856
아시아-중국,SUV,2023,3,2023-03-01,현대,14670
아시아-중국,SUV,2023,4,2023-04-01,현대,9709
아시아-중국,SUV,2023,5,2023-05-01,현대,9811
아시아-중국,SUV,2023,6,2023-06-01,현대,13147
아시아-중국,SUV,2023,7,2023-07-01,현대,8061
아시아-중국,SUV,2023,8,2023-08-01,현대,10111
아시아-중국,SUV,2023,9,2023-09-01,현대,10784
아시아-중국,SUV,2023,10,2023-10-01,현대,9215
아시아-중국,SUV,2023,11,2023-11-01,현대,10681
아시아-중국,SUV,2023,12,2023-12-01,현대,14286
아시아-중국,SUV,2024,1,2024-01-01,현대,4966
아시아-중국,SUV,2024,2,2024-02-01,현대,4355
아시아-중국,SUV,2024,3,2024-03-01,현대,4152
아시아-중국,SUV,2024,4,2024-04-01,현대,2262
아시아-중국,SUV,2024,5,2024-05-01,현대,3042
아시아-중국,SUV,2024,6,2024-06-01,현대,3446
아시아-중국,SUV,2024,7,2024-07-01,현대,2391
아시아-중국,SUV,2024,8,2024-08-01,현대,3142
아시아-중국,SUV,2024,9,2024-09-01,현대,3921
아시아-중국,SUV,2024,10,2024-10-01,현대,2497
아시아-중국,SUV,2024,11,2024-11-01,현대,4852
아시아-중국,SUV,2024,12,2024-12-01,현대,4485
아시아-중국,SUV,2025,1,2025-01-01,현대,3227
아시아-중국,경차,2023,1,2023-01-01,현대,2513
아시아-중국,경차,2023,2,2023-02-01,현대,2086
아시아-중국,경차,2023,3,2023-03-01,현대,2334
아시아-중국,경차,2023,4,2023-04-01,현대,1789
아시아-중국,경차,2023,5,2023-05-01,현대,1697
아시아-중국,경차,2023,6,2023-06-01,현대,1512
아시아-중국,경차,2023,7,2023-07-01,현대,1317
아시아-중국,경차,2023,8,2023-08-01,현대,440
아시아-중국,경차,2023,9,2023-09-01,현대,2452
아시아-중국,경차,2023,10,2023-10-01,현대,1657
아시아-중국,경차,2023,11,2023-11-01,현대,2929
아시아-중국,경차,2023,12,2023-12-01,현대,2334
아시아-중국,경차,2024,1,2024-01-01,현대,1442
아시아-중국,경차,2024,2,2024-02-01,현대,1198
아시아-중국,경차,2024,3,2024-03-01,현대,1758
아시아-중국,경차,2024,4,2024-04-01,현대,2170
아시아-중국,경차,2024,5,2024-05-01,현대,2237
아시아-중국,경차,2024,6,2024-06-01,현대,1951
아시아-중국,경차,2024,7,2024-07-01,현대,1389
아시아-중국,경차,2024,8,2024-08-01,현대,1713
아시아-중국,경차,2024,9,2024-09-01,현대,2137
아시아-중국,경차,2024,10,2024-10-01,현대,2207
아시아-중국,경차,2024,11,2024-11-01,현대,2464
아시아-중국,경차,2024,12,2024-12-01,현대,3460
아시아-중국,경차,2025,1,2025-01-01,현대,1783
아시아-중국,기타,2023,1,2023-01-01,기아,6211
아시아-중국,기타,2023,2,2023-02-01,기아,4327
아시아-중국,기타,2023,3,2023-03-01,기아,5213
아시아-중국,기타,2023,4,2023-04-01,기아,2749
아시아-중국,기타,2023,5,2023-05-01,기아,2766
아시아-중국,기타,2023,6,2023-06-01,기아,4132
아시아-중국,기타,2023,7,2023-07-01,기아,3980
아시아-중국,기타,2023,8,2023-08-01,기아,6129
아시아-중국,기타,2023,9,2023-09-01,기아,3461
아시아-중국,기타,2023,10,2023-10-01,기아,2403
아시아-중국,기타,2023,11,2023-11-01,기아,2227
아시아-중국,기타,2023,12,2023-12-01,기아,2926
아시아-중국,기타,2024,1,2024-01-01,기아,6447
아시아-중국,기타,2024,2,2024-02-01,기아,4327
아시아-중국,기타,2024,3,2024-03-01,기아,5693
아시아-중국,기타,2024,4,2024-04-01,기아,6245
아시아-중국,기타,2024,5,2024-05-01,기아,5021
아시아-중국,기타,2024,6,2024-06-01,기아,3113
아시아-중국,기타,2024,7,2024-07-01,기아,2969
아시아-중국,기타,2024,8,2024-08-01,기아,6215
아시아-중국,기타,2024,9,2024-09-01,기아,2333
아시아-중국,기타,2024,10,2024-10-01,기아,5339
아시아-중국,기타,2024,11,2024-11-01,기아,3854
아시아-중국,기타,2024,12,2024-12-01,기아,3217
아시아-중국,기타,2025,1,2025-01-01,기아,4393
아시아-중국,기타,2023,1,2023-01-01,현대,507
아시아-중국,기타,2023,2,2023-02-01,현대,543
아시아-중국,기타,2023,3,2023-03-01,현대,840
아시아-중국,기타,2023,4,2023-04-01,현대,1388
아시아-중국,기타,2023,5,2023-05-01,현대,1170
아시아-중국,기타,2023,6,2023-06-01,현대,1340
아시아-중국,기타,2023,7,2023-07-01,현대,1407
아시아-중국,기타,2023,8,2023-08-01,현대,1471
아시아-중국,기타,2023,9,2023-09-01,현대,1673
아시아-중국,기타,2023,10,2023-10-01,현대,1180
아시아-중국,기타,2023,11,2023-11-01,현대,740
아시아-중국,기타,2023,12,2023-12-01,현대,1206
아시아-중국,기타,2024,1,2024-01-01,현대,3393
아시아-중국,기타,2024,2,2024-02-01,현대,2485
아시아-중국,기타,2024,3,2024-03-01,현대,4761
아시아-중국,기타,2024,4,2024-04-01,현대,1200
아시아-중국,기타,2024,5,2024-05-01,현대,2038
아시아-중국,기타,2024,6,2024-06-01,현대,1958
아시아-중국,기타,2024,7,2024-07-01,현대,1102
아시아-중국,기타,2024,8,2024-08-01,현대,1268
아시아-중국,기타,2024,9,2024-09-01,현대,1846
아시아-중국,기타,2024,10,2024-10-01,현대,2215
아시아-중국,기타,2024,11,2024-11-01,현대,1386
아시아-중국,기타,2024,12,2024-12-01,현대,3277
아시아-중국,기타,2025,1,2025-01-01,현대,2796
아시아-중국,세단,2023,1,2023-01-01,기아,424
아시아-중국,세단,2023,2,2023-02-01,기아,345
아시아-중국,세단,2023,3,2023-03-01,기아,241
아시아-중국,세단,2023,4,2023-04-01,기아,463
아시아-중국,세단,2023,5,2023-05-01,기아,249
아시아-중국,세단,2023,6,2023-06-01,기아,507
아시아-중국,세단,2023,7,2023-07-01,기아,428
아시아-중국,세단,2023,8,2023-08-01,기아,223
아시아-중국,세단,2023,9,2023-09-01,기아,445
아시아-중국,세단,2023,10,2023-10-01,기아,226
아시아-중국,세단,2023,11,2023-11-01,기아,334
아시아-중국,세단,2023,12,2023-12-01,기아,220
아시아-중국,세단,2024,1,2024-01-01,기아,357
아시아-중국,세단,2024,2,2024-02-01,기아,307
아시아-중국,세단,2024,3,2024-03-01,기아,429
아시아-중국,세단,2024,4,2024-04-01,기아,500
아시아-중국,세단,2024,5,2024-05-01,기아,398
아시아-중국,세단,2024,6,2024-06-01,기아,440
아시아-중국,세단,2024,7,2024-07-01,기아,481
아시아-중국,세단,2024,8,2024-08-01,기아,479
아시아-중국,세단,2024,9,2024-09-01,기아,438
아시아-중국,세단,2024,10,2024-10-01,기아,360
아시아-중국,세단,2024,11,2024-11-01,기아,269
아시아-중국,세단,2024,12,2024-12-01,기아,506
아시아-중국,세단,2025,1,2025-01-01,기아,444
아시아-중국,세단,2023,1,2023-01-01,현대,6548
아시아-중국,세단,2023,2,2023-02-01,현대,8847
아시아-중국,세단,2023,3,2023-03-01,현대,14718
아시아-중국,세단,2023,4,2023-04-01,현대,7837
아시아-중국,세단,2023,5,2023-05-01,현대,10034
아시아-중국,세단,2023,6,2023-06-01,현대,11296
아시아-중국,세단,2023,7,2023-07-01,현대,5295
아시아-중국,세단,2023,8,2023-08-01,현대,10223
아시아-중국,세단,2023,9,2023-09-01,현대,10859
아시아-중국,세단,2023,10,2023-10-01,현대,9741
아시아-중국,세단,2023,11,2023-11-01,현대,11968
아시아-중국,세단,2023,12,2023-12-01,현대,14780
아시아-중국,세단,2024,1,2024-01-01,현대,7086
아시아-중국,세단,2024,2,2024-02-01,현대,6918
아시아-중국,세단,2024,3,2024-03-01,현대,13538
아시아-중국,세단,2024,4,2024-04-01,현대,7947
아시아-중국,세단,2024,5,2024-05-01,현대,9222
아시아-중국,세단,2024,6,2024-06-01,현대,7763
아시아-중국,세단,2024,7,2024-07-01,현대,2629
아시아-중국,세단,2024,8,2024-08-01,현대,3830
아시아-중국,세단,2024,9,2024-09-01,현대,4617
아시아-중국,세단,2024,10,2024-10-01,현대,3134
아시아-중국,세단,2024,11,2024-11-01,현대,3386
아시아-중국,세단,2024,12,2024-12-01,현대,4402
아시아-중국,세단,2025,1,2025-01-01,현대,6602
중남미,SUV,2023,1,2023-01-01,기아,4854
중남미,SUV,2023,2,2023-02-01,기아,1396
중남미,SUV,2023,3,2023-03-01,기아,1621
중남미,SUV,2023,4,2023-04-01,기아,1953
중남미,SUV,2023,5,2023-05-01,기아,884
중남미,SUV,2023,6,2023-06-01,기아,1465
중남미,SUV,2023,7,2023-07-01,기아,978
중남미,SUV,2023,8,2023-08-01,기아,1203
중남미,SUV,2023,9,2023-09-01,기아,962
중남미,SUV,2023,10,2023-10-01,기아,1561
중남미,SUV,2023,11,2023-11-01,기아,961
중남미,SUV,2023,12,2023-12-01,기아,1563
중남미,SUV,2024,1,2024-01-01,기아,5032
중남미,SUV,2024,2,2024-02-01,기아,2167
중남미,SUV,2024,3,2024-03-01,기아,2819
중남미,SUV,2024,4,2024-04-01,기아,2265
중남미,SUV,2024,5,2024-05-01,기아,2198
중남미,SUV,2024,6,2024-06-01,기아,1422
중남미,SUV,2024,7,2024-07-01,기아,1854
중남미,SUV,2024,8,2024-08-01,기아,3004
중남미,SUV,2024,9,2024-09-01,기아,1611
중남미,SUV,2024,10,2024-10-01,기아,2790
중남미,SUV,2024,11,2024-11-01,기아,3106
중남미,SUV,2024,12,2024-12-01,기아,3018
중남미,SUV,2025,1,2025-01-01,기아,5297
중남미,SUV,2023,1,2023-01-01,현대,4905
중남미,SUV,2023,2,2023-02-01,현대,4607
중남미,SUV,2023,3,2023-03-01,현대,5561
중남미,SUV,2023,4,2023-04-01,현대,4596
중남미,SUV,2023,5,2023-05-01,현대,4617
중남미,SUV,2023,6,2023-06-01,현대,3890
중남미,SUV,2023,7,2023-07-01,현대,6004
중남미,SUV,2023,8,2023-08-01,현대,5875
중남미,SUV,2023,9,2023-09-01,현대,4722
중남미,SUV,2023,10,2023-10-01,현대,5881
중남미,SUV,2023,11,2023-11-01,현대,7541
중남미,SUV,2023,12,2023-12-01,현대,6767
중남미,SUV,2024,1,2024-01-01,현대,4673
중남미,SUV,2024,2,2024-02-01,현대,4138
중남미,SUV,2024,3,2024-03-01,현대,4682
중남미,SUV,2024,4,2024-04-01,현대,5477
중남미,SUV,2024,5,2024-05-01,현대,5375
중남미,SUV,2024,6,2024-06-01,현대,6831
중남미,SUV,2024,7,2024-07-01,현대,6717
중남미,SUV,2024,8,2024-08-01,현대,7032
중남미,SUV,2024,9,2024-09-01,현대,4448
중남미,SUV,2024,10,2024-10-01,현대,7409
중남미,SUV,2024,11,2024-11-01,현대,7178
중남미,SUV,2024,12,2024-12-01,현대,6875
중남미,SUV,2025,1,2025-01-01,현대,4725
중남미,경차,2023,1,2023-01-01,기아,2892
중남미,경차,2023,2,2023-02-01,기아,2880
중남미,경차,2023,3,2023-03-01,기아,4272
중남미,경차,2023,4,2023-04-01,기아,1939
중남미,경차,2023,5,2023-05-01,기아,2527
중남미,경차,2023,6,2023-06-01,기아,4021
중남미,경차,2023,7,2023-07-01,기아,3633
중남미,경차,2023,8,2023-08-01,기아,1659
중남미,경차,2023,9,2023-09-01,기아,2234
중남미,경차,2023,10,2023-10-01,기아,3540
중남미,경차,2023,11,2023-11-01,기아,2972
중남미,경차,2023,12,2023-12-01,기아,2660
중남미,경차,2024,1,2024-01-01,기아,3004
중남미,경차,2024,2,2024-02-01,기아,2880
중남미,경차,2024,3,2024-03-01,기아,3797
중남미,경차,2024,4,2024-04-01,기아,1719
중남미,경차,2024,5,2024-05-01,기아,3113
중남미,경차,2024,6,2024-06-01,기아,4200
중남미,경차,2024,7,2024-07-01,기아,4030
중남미,경차,2024,8,2024-08-01,기아,2131
중남미,경차,2024,9,2024-09-01,기아,3495
중남미,경차,2024,10,2024-10-01,기아,1990
중남미,경차,2024,11,2024-11-01,기아,3455
중남미,경차,2024,12,2024-12-01,기아,2759
중남미,경차,2025,1,2025-01-01,기아,3204
중남미,기타,2023,1,2023-01-01,기아,3771
중남미,기타,2023,2,2023-02-01,기아,3360
중남미,기타,2023,3,2023-03-01,기아,3904
중남미,기타,2023,4,2023-04-01,기아,2342
중남미,기타,2023,5,2023-05-01,기아,1699
중남미,기타,2023,6,2023-06-01,기아,3051
중남미,기타,2023,7,2023-07-01,기아,3244
중남미,기타,2023,8,2023-08-01,기아,3595
중남미,기타,2023,9,2023-09-01,기아,3882
중남미,기타,2023,10,2023-10-01,기아,2529
중남미,기타,2023,11,2023-11-01,기아,2879
중남미,기타,2023,12,2023-12-01,기아,3768
중남미,기타,2024,1,2024-01-01,기아,3596
중남미,기타,2024,2,2024-02-01,기아,3360
중남미,기타,2024,3,2024-03-01,기아,2048
중남미,기타,2024,4,2024-04-01,기아,2676
중남미,기타,2024,5,2024-05-01,기아,3725
중남미,기타,2024,6,2024-06-01,기아,4009
중남미,기타,2024,7,2024-07-01,기아,5019
중남미,기타,2024,8,2024-08-01,기아,4232
중남미,기타,2024,9,2024-09-01,기아,4441
중남미,기타,2024,10,2024-10-01,기아,2158
중남미,기타,2024,11,2024-11-01,기아,2459
중남미,기타,2024,12,2024-12-01,기아,2003
중남미,기타,2025,1,2025-01-01,기아,3402
중남미,기타,2023,1,2023-01-01,현대,4221
중남미,기타,2023,2,2023-02-01,현대,6910
중남미,기타,2023,3,2023-03-01,현대,10531
중남미,기타,2023,4,2023-04-01,현대,6754
중남미,기타,2023,5,2023-05-01,현대,4688
중남미,기타,2023,6,2023-06-01,현대,13613
중남미,기타,2023,7,2023-07-01,현대,12304
중남미,기타,2023,8,2023-08-01,현대,12993
중남미,기타,2023,9,2023-09-01,현대,13221
중남미,기타,2023,10,2023-10-01,현대,11993
중남미,기타,2023,11,2023-11-01,현대,11655
중남미,기타,2023,12,2023-12-01,현대,11547
중남미,기타,2024,1,2024-01-01,현대,5752
중남미,기타,2024,2,2024-02-01,현대,6756
중남미,기타,2024,3,2024-03-01,현대,10697
중남미,기타,2024,4,2024-04-01,현대,10386
중남미,기타,2024,5,2024-05-01,현대,10483
중남미,기타,2024,6,2024-06-01,현대,11871
중남미,기타,2024,7,2024-07-01,현대,10270
중남미,기타,2024,8,2024-08-01,현대,11975
중남미,기타,2024,9,2024-09-01,현대,12370
중남미,기타,2024,10,2024-10-01,현대,15261
중남미,기타,2024,11,2024-11-01,현대,14248
중남미,기타,2024,12,2024-12-01,현대,9420
중남미,기타,2025,1,2025-01-01,현대,5104
중남미,세단,2023,1,2023-01-01,기아,930
중남미,세단,2023,2,2023-02-01,기아,1216
중남미,세단,2023,3,2023-03-01,기아,1057
중남미,세단,2023,4,2023-04-01,기아,1286
중남미,세단,2023,5,2023-05-01,기아,950
중남미,세단,2023,6,2023-06-01,기아,1191
중남미,세단,2023,7,2023-07-01,기아,1394
중남미,세단,2023,8,2023-08-01,기아,958
중남미,세단,2023,9,2023-09-01,기아,905
중남미,세단,2023,10,2023-10-01,기아,1165
중남미,세단,2023,11,2023-11-01,기아,550
중남미,세단,2023,12,2023-12-01,기아,1285
중남미,세단,2024,1,2024-01-01,기아,1068
중남미,세단,2024,2,2024-02-01,기아,930
중남미,세단,2024,3,2024-03-01,기아,1376
중남미,세단,2024,4,2024-04-01,기아,543
중남미,세단,2024,5,2024-05-01,기아,1364
중남미,세단,2024,6,2024-06-01,기아,1061
중남미,세단,2024,7,2024-07-01,기아,894
중남미,세단,2024,8,2024-08-01,기아,1388
중남미,세단,2024,9,2024-09-01,기아,947
중남미,세단,2024,10,2024-10-01,기아,602
중남미,세단,2024,11,2024-11-01,기아,644
중남미,세단,2024,12,2024-12-01,기아,1186
중남미,세단,2025,1,2025-01-01,기아,1148
중남미,화물차,2023,1,2023-01-01,기아,1014
중남미,화물차,2023,2,2023-02-01,기아,300
중남미,화물차,2023,3,2023-03-01,기아,355
중남미,화물차,2023,4,2023-04-01,기아,253
중남미,화물차,2023,5,2023-05-01,기아,394
중남미,화물차,2023,6,2023-06-01,기아,440
중남미,화물차,2023,7,2023-07-01,기아,242
중남미,화물차,2023,8,2023-08-01,기아,276
중남미,화물차,2023,9,2023-09-01,기아,216
중남미,화물차,2023,10,2023-10-01,기아,220
중남미,화물차,2023,11,2023-11-01,기아,385
중남미,화물차,2023,12,2023-12-01,기아,274
중남미,화물차,2024,1,2024-01-01,기아,1354
중남미,화물차,2024,2,2024-02-01,기아,300
중남미,화물차,2024,3,2024-03-01,기아,155
중남미,화물차,2024,4,2024-04-01,기아,364
중남미,화물차,2024,5,2024-05-01,기아,167
중남미,화물차,2024,6,2024-06-01,기아,404
중남미,화물차,2024,7,2024-07-01,기아,340
중남미,화물차,2024,8,2024-08-01,기아,245
중남미,화물차,2024,9,2024-09-01,기아,432
중남미,화물차,2024,10,2024-10-01,기아,340
중남미,화물차,2024,11,2024-11-01,기아,272
중남미,화물차,2024,12,2024-12-01,기아,331
중남미,화물차,2025,1,2025-01-01,기아,1042
중동·아프리카,SUV,2023,1,2023-01-01,기아,10957
중동·아프리카,SUV,2023,2,2023-02-01,기아,2690
중동·아프리카,SUV,2023,3,2023-03-01,기아,2384
중동·아프리카,SUV,2023,4,2023-04-01,기아,3918
중동·아프리카,SUV,2023,5,2023-05-01,기아,2558
중동·아프리카,SUV,2023,6,2023-06-01,기아,2349
중동·아프리카,SUV,2023,7,2023-07-01,기아,4020
중동·아프리카,SUV,2023,8,2023-08-01,기아,2917
중동·아프리카,SUV,2023,9,2023-09-01,기아,3266
중동·아프리카,SUV,2023,10,2023-10-01,기아,1863
중동·아프리카,SUV,2023,11,2023-11-01,기아,3291
중동·아프리카,SUV,2023,12,2023-12-01,기아,2165
중동·아프리카,SUV,2024,1,2024-01-01,기아,9627
중동·아프리카,SUV,2024,2,2024-02-01,기아,2418
중동·아프리카,SUV,2024,3,2024-03-01,기아,2023
중동·아프리카,SUV,2024,4,2024-04-01,기아,1963
중동·아프리카,SUV,2024,5,2024-05-01,기아,2674
중동·아프리카,SUV,2024,6,2024-06-01,기아,1901
중동·아프리카,SUV,2024,7,2024-07-01,기아,2762
중동·아프리카,SUV,2024,8,2024-08-01,기아,3455
중동·아프리카,SUV,2024,9,2024-09-01,기아,1549
중동·아프리카,SUV,2024,10,2024-10-01,기아,1775
중동·아프리카,SUV,2024,11,2024-11-01,기아,1374
중동·아프리카,SUV,2024,12,2024-12-01,기아,2802
중동·아프리카,SUV,2025,1,2025-01-01,기아,12951
중동·아프리카,경차,2023,1,2023-01-01,기아,2337
중동·아프리카,경차,2023,2,2023-02-01,기아,200
중동·아프리카,경차,2023,3,2023-03-01,기아,216
중동·아프리카,경차,2023,4,2023-04-01,기아,154
중동·아프리카,경차,2023,5,2023-05-01,기아,226
중동·아프리카,경차,2023,6,2023-06-01,기아,168
중동·아프리카,경차,2023,7,2023-07-01,기아,183
중동·아프리카,경차,2023,8,2023-08-01,기아,150
중동·아프리카,경차,2023,9,2023-09-01,기아,237
중동·아프리카,경차,2023,10,2023-10-01,기아,155
중동·아프리카,경차,2023,11,2023-11-01,기아,263
중동·아프리카,경차,2023,12,2023-12-01,기아,292
중동·아프리카,경차,2024,1,2024-01-01,기아,2122
중동·아프리카,경차,2024,2,2024-02-01,기아,200
중동·아프리카,경차,2024,3,2024-03-01,기아,213
중동·아프리카,경차,2024,4,2024-04-01,기아,130
중동·아프리카,경차,2024,5,2024-05-01,기아,261
중동·아프리카,경차,2024,6,2024-06-01,기아,134
중동·아프리카,경차,2024,7,2024-07-01,기아,259
중동·아프리카,경차,2024,8,2024-08-01,기아,196
중동·아프리카,경차,2024,9,2024-09-01,기아,269
중동·아프리카,경차,2024,10,2024-10-01,기아,207
중동·아프리카,경차,2024,11,2024-11-01,기아,159
중동·아프리카,경차,2024,12,2024-12-01,기아,112
중동·아프리카,경차,2025,1,2025-01-01,기아,2121
중동·아프리카,기타,2023,1,2023-01-01,기아,2506
중동·아프리카,기타,2023,2,2023-02-01,기아,618
중동·아프리카,기타,2023,3,2023-03-01,기아,354
중동·아프리카,기타,2023,4,2023-04-01,기아,527
중동·아프리카,기타,2023,5,2023-05-01,기아,431
중동·아프리카,기타,2023,6,2023-06-01,기아,821
중동·아프리카,기타,2023,7,2023-07-01,기아,692
중동·아프리카,기타,2023,8,2023-08-01,기아,608
중동·아프리카,기타,2023,9,2023-09-01,기아,847
중동·아프리카,기타,2023,10,2023-10-01,기아,447
중동·아프리카,기타,2023,11,2023-11-01,기아,442
중동·아프리카,기타,2023,12,2023-12-01,기아,492
중동·아프리카,기타,2024,1,2024-01-01,기아,5074
중동·아프리카,기타,2024,2,2024-02-01,기아,618
중동·아프리카,기타,2024,3,2024-03-01,기아,792
중동·아프리카,기타,2024,4,2024-04-01,기아,391
중동·아프리카,기타,2024,5,2024-05-01,기아,655
중동·아프리카,기타,2024,6,2024-06-01,기아,840
중동·아프리카,기타,2024,7,2024-07-01,기아,866
중동·아프리카,기타,2024,8,2024-08-01,기아,809
중동·아프리카,기타,2024,9,2024-09-01,기아,835
중동·아프리카,기타,2024,10,2024-10-01,기아,607
중동·아프리카,기타,2024,11,2024-11-01,기아,454
중동·아프리카,기타,2024,12,2024-12-01,기아,905
중동·아프리카,기타,2025,1,2025-01-01,기아,4070
중동·아프리카,세단,2023,1,2023-01-01,기아,2183
중동·아프리카,세단,2023,2,2023-02-01,기아,110
중동·아프리카,세단,2023,3,2023-03-01,기아,56
중동·아프리카,세단,2023,4,2023-04-01,기아,149
중동·아프리카,세단,2023,5,2023-05-01,기아,129
중동·아프리카,세단,2023,6,2023-06-01,기아,58
중동·아프리카,세단,2023,7,2023-07-01,기아,80
중동·아프리카,세단,2023,8,2023-08-01,기아,102
중동·아프리카,세단,2023,9,2023-09-01,기아,57
중동·아프리카,세단,2023,10,2023-10-01,기아,146
중동·아프리카,세단,2023,11,2023-11-01,기아,90
중동·아프리카,세단,2023,12,2023-12-01,기아,89
중동·아프리카,세단,2024,1,2024-01-01,기아,1461
중동·아프리카,세단,2024,2,2024-02-01,기아,110
중동·아프리카,세단,2024,3,2024-03-01,기아,63
중동·아프리카,세단,2024,4,2024-04-01,기아,151
중동·아프리카,세단,2024,5,2024-05-01,기아,108
중동·아프리카,세단,2024,6,2024-06-01,기아,162
중동·아프리카,세단,2024,7,2024-07-01,기아,131
중동·아프리카,세단,2024,8,2024-08-01,기아,122
중동·아프리카,세단,2024,9,2024-09-01,기아,142
중동·아프리카,세단,2024,10,2024-10-01,기아,151
중동·아프리카,세단,2024,11,2024-11-01,기아,78
중동·아프리카,세단,2024,12,2024-12-01,기아,83
중동·아프리카,세단,2025,1,2025-01-01,기아,1604
중동·아프리카,화물차,2023,1,2023-01-01,기아,1763
중동·아프리카,화물차,2023,2,2023-02-01,기아,520
중동·아프리카,화물차,2023,3,2023-03-01,기아,465
중동·아프리카,화물차,2023,4,2023-04-01,기아,330
중동·아프리카,화물차,2023,5,2023-05-01,기아,424
중동·아프리카,화물차,2023,6,2023-06-01,기아,684
중동·아프리카,화물차,2023,7,2023-07-01,기아,614
중동·아프리카,화물차,2023,8,2023-08-01,기아,487
중동·아프리카,화물차,2023,9,2023-09-01,기아,593
중동·아프리카,화물차,2023,10,2023-10-01,기아,460
중동·아프리카,화물차,2023,11,2023-11-01,기아,363
중동·아프리카,화물차,2023,12,2023-12-01,기아,661
중동·아프리카,화물차,2024,1,2024-01-01,기아,2146
중동·아프리카,화물차,2024,2,2024-02-01,기아,520
중동·아프리카,화물차,2024,3,2024-03-01,기아,388
중동·아프리카,화물차,2024,4,2024-04-01,기아,538
중동·아프리카,화물차,2024,5,2024-05-01,기아,774
중동·아프리카,화물차,2024,6,2024-06-01,기아,586
중동·아프리카,화물차,2024,7,2024-07-01,기아,770
중동·아프리카,화물차,2024,8,2024-08-01,기아,489
중동·아프리카,화물차,2024,9,2024-09-01,기아,755
중동·아프리카,화물차,2024,10,2024-10-01,기아,631
중동·아프리카,화물차,2024,11,2024-11-01,기아,727
중동·아프리카,화물차,2024,12,2024-12-01,기아,588
중동·아프리카,화물차,2025,1,2025-01-01,기아,1700
